pais;liga_temporada;temporada;url;feed_stage_lista
CANADA;CANADA 1;2026;https://www.flashscore.com/football/canada/canadian-premier-league/results/;[]
CANADA;CANADA 1;2025;https://www.flashscore.com/football/canada/canadian-premier-league-2025/results/;['182']
CANADA;CANADA 1;2024;https://www.flashscore.com/football/canada/canadian-premier-league-2024/results/;['177']
CANADA;CANADA 1;2023;https://www.flashscore.com/football/canada/canadian-premier-league-2023/results/;['175']
CANADA;CANADA 1;2022;https://www.flashscore.com/football/canada/canadian-premier-league-2022/results/;['156']
CANADA;CANADA 1;2021;https://www.flashscore.com/football/canada/canadian-premier-league-2021/results/;['158']
CANADA;CANADA CUP;2026;https://www.flashscore.com/football/canada/championship/results/;[]
CANADA;CANADA CUP;2025;https://www.flashscore.com/football/canada/championship-2025/results/;[]
CANADA;CANADA CUP;2024;https://www.flashscore.com/football/canada/championship-2024/results/;[]
CANADA;CANADA CUP;2023;https://www.flashscore.com/football/canada/championship-2023/results/;[]
CANADA;CANADA CUP;2022;https://www.flashscore.com/football/canada/championship-2022/results/;[]
CANADA;CANADA CUP;2021;https://www.flashscore.com/football/canada/championship-2021/results/;[]
HUNGARY;HUNGARY 1;2026-2027;https://www.flashscore.com/football/hungary/nb-i/results/;[]
HUNGARY;HUNGARY 1;2025-2026;https://www.flashscore.com/football/hungary/nb-i-2025-2026/results/;['187']
HUNGARY;HUNGARY 1;2024-2025;https://www.flashscore.com/football/hungary/nb-i-2024-2025/results/;['184']
HUNGARY;HUNGARY 1;2023-2024;https://www.flashscore.com/football/hungary/nb-i-2023-2024/results/;['183']
HUNGARY;HUNGARY 1;2022-2023;https://www.flashscore.com/football/hungary/nb-i-2022-2023/results/;['176']
HUNGARY;HUNGARY 1;2021-2022;https://www.flashscore.com/football/hungary/nb-i-2021-2022/results/;['172']
HUNGARY;HUNGARY CUP;2026-2027;https://www.flashscore.com/football/hungary/hungarian-cup/results/;[]
HUNGARY;HUNGARY CUP;2025-2026;https://www.flashscore.com/football/hungary/hungarian-cup-2025-2026/results/;[]
HUNGARY;HUNGARY CUP;2024-2025;https://www.flashscore.com/football/hungary/hungarian-cup-2024-2025/results/;[]
HUNGARY;HUNGARY CUP;2023-2024;https://www.flashscore.com/football/hungary/hungarian-cup-2023-2024/results/;[]
HUNGARY;HUNGARY CUP;2022-2023;https://www.flashscore.com/football/hungary/hungarian-cup-2022-2023/results/;[]
HUNGARY;HUNGARY CUP;2021-2022;https://www.flashscore.com/football/hungary/hungarian-cup-2021-2022/results/;[]
COSTA RICA;COSTA RICA 1;2026-2027;https://www.flashscore.com/football/costa-rica/primera-division/results/;[]
COSTA RICA;COSTA RICA 1;2025-2026;https://www.flashscore.com/football/costa-rica/primera-division-2025-2026/results/;['187']
COSTA RICA;COSTA RICA 1;2024-2025;https://www.flashscore.com/football/costa-rica/primera-division-2024-2025/results/;['184']
COSTA RICA;COSTA RICA 1;2023-2024;https://www.flashscore.com/football/costa-rica/primera-division-2023-2024/results/;['183']
COSTA RICA;COSTA RICA 1;2022-2023;https://www.flashscore.com/football/costa-rica/primera-division-2022-2023/results/;['176']
COSTA RICA;COSTA RICA 1;2021-2022;https://www.flashscore.com/football/costa-rica/primera-division-2021-2022/results/;['172']
COSTA RICA;COSTA RICA CUP;2025-2026;https://www.flashscore.com/football/costa-rica/copa-costa-rica/results/;[]
COSTA RICA;COSTA RICA CUP;2024-2025;https://www.flashscore.com/football/costa-rica/copa-costa-rica-2024-2025/results/;[]
COSTA RICA;COSTA RICA CUP;2023;https://www.flashscore.com/football/costa-rica/copa-costa-rica-2023/results/;[]
COSTA RICA;COSTA RICA CUP;2022;https://www.flashscore.com/football/costa-rica/copa-costa-rica-2022/results/;[]
LITHUANIA;LITHUANIA 1;2026;https://www.flashscore.com/football/lithuania/toplyga/results/;['185']
LITHUANIA;LITHUANIA 1;2025;https://www.flashscore.com/football/lithuania/toplyga-2025/results/;['182']
LITHUANIA;LITHUANIA 1;2024;https://www.flashscore.com/football/lithuania/toplyga-2024/results/;['177']
LITHUANIA;LITHUANIA 1;2023;https://www.flashscore.com/football/lithuania/toplyga-2023/results/;['175']
LITHUANIA;LITHUANIA 1;2022;https://www.flashscore.com/football/lithuania/toplyga-2022/results/;['156']
LITHUANIA;LITHUANIA 2;2026;https://www.flashscore.com/football/lithuania/i-lyga/results/;['185']
LITHUANIA;LITHUANIA 2;2025;https://www.flashscore.com/football/lithuania/i-lyga-2025/results/;['182']
LITHUANIA;LITHUANIA 2;2024;https://www.flashscore.com/football/lithuania/i-lyga-2024/results/;['177']
LITHUANIA;LITHUANIA 2;2023;https://www.flashscore.com/football/lithuania/i-lyga-2023/results/;['175']
LITHUANIA;LITHUANIA 2;2022;https://www.flashscore.com/football/lithuania/i-lyga-2022/results/;['156']
LITHUANIA;LITHUANIA CUP;2026;https://www.flashscore.com/football/lithuania/lithuanian-cup/results/;[]
LITHUANIA;LITHUANIA CUP;2025;https://www.flashscore.com/football/lithuania/lithuanian-cup-2025/results/;[]
LITHUANIA;LITHUANIA CUP;2024;https://www.flashscore.com/football/lithuania/lithuanian-cup-2024/results/;[]
LITHUANIA;LITHUANIA CUP;2023;https://www.flashscore.com/football/lithuania/lithuanian-cup-2023/results/;[]
LITHUANIA;LITHUANIA CUP;2022;https://www.flashscore.com/football/lithuania/lithuanian-cup-2022/results/;[]
AZERBAIJAN;AZERBAIJAN 1;2026-2027;https://www.flashscore.com/football/azerbaijan/premier-league/results/;[]
AZERBAIJAN;AZERBAIJAN 1;2025-2026;https://www.flashscore.com/football/azerbaijan/premier-league-2025-2026/results/;['187']
AZERBAIJAN;AZERBAIJAN 1;2024-2025;https://www.flashscore.com/football/azerbaijan/premier-league-2024-2025/results/;['184']
AZERBAIJAN;AZERBAIJAN 1;2023-2024;https://www.flashscore.com/football/azerbaijan/premier-league-2023-2024/results/;['183']
AZERBAIJAN;AZERBAIJAN 1;2022-2023;https://www.flashscore.com/football/azerbaijan/premier-league-2022-2023/results/;['176']
AZERBAIJAN;AZERBAIJAN 1;2021-2022;https://www.flashscore.com/football/azerbaijan/premier-league-2021-2022/results/;['172']
AZERBAIJAN;AZERBAIJAN 2;2026-2027;https://www.flashscore.com/football/azerbaijan/i-liqa/results/;[]
AZERBAIJAN;AZERBAIJAN 2;2025-2026;https://www.flashscore.com/football/azerbaijan/i-liqa-2025-2026/results/;['187']
AZERBAIJAN;AZERBAIJAN 2;2024-2025;https://www.flashscore.com/football/azerbaijan/i-liqa-2024-2025/results/;['184']
AZERBAIJAN;AZERBAIJAN 2;2023-2024;https://www.flashscore.com/football/azerbaijan/i-liqa-2023-2024/results/;['183']
AZERBAIJAN;AZERBAIJAN 2;2022-2023;https://www.flashscore.com/football/azerbaijan/i-liqa-2022-2023/results/;['176']
AZERBAIJAN;AZERBAIJAN 2;2021-2022;https://www.flashscore.com/football/azerbaijan/i-liqa-2021-2022/results/;['172']
AZERBAIJAN;AZERBAIJAN CUP;2025-2026;https://www.flashscore.com/football/azerbaijan/azerbaijan-cup/results/;[]
AZERBAIJAN;AZERBAIJAN CUP;2024-2025;https://www.flashscore.com/football/azerbaijan/azerbaijan-cup-2024-2025/results/;[]
AZERBAIJAN;AZERBAIJAN CUP;2023-2024;https://www.flashscore.com/football/azerbaijan/azerbaijan-cup-2023-2024/results/;[]
AZERBAIJAN;AZERBAIJAN CUP;2022-2023;https://www.flashscore.com/football/azerbaijan/azerbaijan-cup-2022-2023/results/;[]
AZERBAIJAN;AZERBAIJAN CUP;2021-2022;https://www.flashscore.com/football/azerbaijan/azerbaijan-cup-2021-2022/results/;[]
LATVIA;LATVIA 1;2026;https://www.flashscore.com/football/latvia/virsliga/results/;['185']
LATVIA;LATVIA 1;2025;https://www.flashscore.com/football/latvia/virsliga-2025/results/;['182']
LATVIA;LATVIA 1;2024;https://www.flashscore.com/football/latvia/virsliga-2024/results/;['177']
LATVIA;LATVIA 1;2023;https://www.flashscore.com/football/latvia/virsliga-2023/results/;['175']
LATVIA;LATVIA 1;2022;https://www.flashscore.com/football/latvia/virsliga-2022/results/;['156']
LATVIA;LATVIA 1;2021;https://www.flashscore.com/football/latvia/virsliga-2021/results/;['158']
LATVIA;LATVIA 2;2026;https://www.flashscore.com/football/latvia/1-liga/results/;['185']
LATVIA;LATVIA 2;2025;https://www.flashscore.com/football/latvia/1-liga-2025/results/;['182']
LATVIA;LATVIA 2;2024;https://www.flashscore.com/football/latvia/1-liga-2024/results/;['177']
LATVIA;LATVIA 2;2023;https://www.flashscore.com/football/latvia/1-liga-2023/results/;['175']
LATVIA;LATVIA 2;2022;https://www.flashscore.com/football/latvia/1-liga-2022/results/;['156']
LATVIA;LATVIA 2;2021;https://www.flashscore.com/football/latvia/1-liga-2021/results/;[]
LATVIA;LATVIA CUP;2026;https://www.flashscore.com/football/latvia/latvian-cup/results/;[]
LATVIA;LATVIA CUP;2025;https://www.flashscore.com/football/latvia/latvian-cup-2025/results/;[]
LATVIA;LATVIA CUP;2024;https://www.flashscore.com/football/latvia/latvian-cup-2024/results/;[]
LATVIA;LATVIA CUP;2023;https://www.flashscore.com/football/latvia/latvian-cup-2023/results/;[]
LATVIA;LATVIA CUP;2022;https://www.flashscore.com/football/latvia/latvian-cup-2022/results/;[]
LATVIA;LATVIA CUP;2021;https://www.flashscore.com/football/latvia/latvian-cup-2021/results/;[]
MALTA;MALTA 1;2026-2027;https://www.flashscore.com/football/malta/premier-league/results/;[]
MALTA;MALTA 1;2025-2026;https://www.flashscore.com/football/malta/premier-league-2025-2026/results/;['187']
MALTA;MALTA 1;2024-2025;https://www.flashscore.com/football/malta/premier-league-2024-2025/results/;['184']
MALTA;MALTA 1;2023-2024;https://www.flashscore.com/football/malta/premier-league-2023-2024/results/;['183']
MALTA;MALTA 1;2022-2023;https://www.flashscore.com/football/malta/premier-league-2022-2023/results/;['183']
MALTA;MALTA 1;2021-2022;https://www.flashscore.com/football/malta/premier-league-2021-2022/results/;['172']
MALTA;MALTA 2;2026-2027;https://www.flashscore.com/football/malta/challenge-league/results/;[]
MALTA;MALTA 2;2025-2026;https://www.flashscore.com/football/malta/challenge-league-2025-2026/results/;['187']
MALTA;MALTA 2;2024-2025;https://www.flashscore.com/football/malta/challenge-league-2024-2025/results/;['184']
MALTA;MALTA 2;2023-2024;https://www.flashscore.com/football/malta/challenge-league-2023-2024/results/;['183']
MALTA;MALTA 2;2022-2023;https://www.flashscore.com/football/malta/challenge-league-2022-2023/results/;['176']
MALTA;MALTA 2;2021-2022;https://www.flashscore.com/football/malta/challenge-league-2021-2022/results/;['172']
PANAMA;PANAMA 1;2026;https://www.flashscore.com/football/panama/lpf/results/;['185']
PANAMA;PANAMA 1;2025;https://www.flashscore.com/football/panama/lpf-2025/results/;['182']
PANAMA;PANAMA 1;2024;https://www.flashscore.com/football/panama/lpf-2024/results/;['177']
PANAMA;PANAMA 1;2023;https://www.flashscore.com/football/panama/lpf-2023/results/;['175']
PANAMA;PANAMA 1;2022;https://www.flashscore.com/football/panama/lpf-2022/results/;['156']
PANAMA;PANAMA 1;2021;https://www.flashscore.com/football/panama/lpf-2021/results/;['158']
ARMENIA;ARMENIA 1;2026-2027;https://www.flashscore.com/football/armenia/premier-league/results/;[]
ARMENIA;ARMENIA 1;2025-2026;https://www.flashscore.com/football/armenia/premier-league-2025-2026/results/;['187']
ARMENIA;ARMENIA 1;2024-2025;https://www.flashscore.com/football/armenia/premier-league-2024-2025/results/;['184']
ARMENIA;ARMENIA 1;2023-2024;https://www.flashscore.com/football/armenia/premier-league-2023-2024/results/;['183']
ARMENIA;ARMENIA 1;2022-2023;https://www.flashscore.com/football/armenia/premier-league-2022-2023/results/;['176']
ARMENIA;ARMENIA 1;2021-2022;https://www.flashscore.com/football/armenia/premier-league-2021-2022/results/;['172']
ARMENIA;ARMENIA 2;2026-2027;https://www.flashscore.com/football/armenia/first-league/results/;[]
ARMENIA;ARMENIA 2;2025-2026;https://www.flashscore.com/football/armenia/first-league-2025-2026/results/;['187']
ARMENIA;ARMENIA 2;2024-2025;https://www.flashscore.com/football/armenia/first-league-2024-2025/results/;['184']
ARMENIA;ARMENIA 2;2023-2024;https://www.flashscore.com/football/armenia/first-league-2023-2024/results/;['183']
ARMENIA;ARMENIA 2;2022-2023;https://www.flashscore.com/football/armenia/first-league-2022-2023/results/;['176']
ARMENIA;ARMENIA 2;2021-2022;https://www.flashscore.com/football/armenia/first-league-2021-2022/results/;['172']
IRAN;IRAN 1;2026-2027;https://www.flashscore.com/football/iran/persian-gulf-pro-league/results/;[]
IRAN;IRAN 1;2025-2026;https://www.flashscore.com/football/iran/persian-gulf-pro-league-2025-2026/results/;['187']
IRAN;IRAN 1;2024-2025;https://www.flashscore.com/football/iran/persian-gulf-pro-league-2024-2025/results/;['184']
IRAN;IRAN 1;2023-2024;https://www.flashscore.com/football/iran/persian-gulf-pro-league-2023-2024/results/;['183']
IRAN;IRAN 1;2022-2023;https://www.flashscore.com/football/iran/persian-gulf-pro-league-2022-2023/results/;['176']
IRAN;IRAN 1;2021-2022;https://www.flashscore.com/football/iran/persian-gulf-pro-league-2021-2022/results/;['172']
IRAN;IRAN 2;2025-2026;https://www.flashscore.com/football/iran/azadegan-league/results/;[]
IRAN;IRAN 2;2024-2025;https://www.flashscore.com/football/iran/azadegan-league-2024-2025/results/;['184']
IRAN;IRAN 2;2023-2024;https://www.flashscore.com/football/iran/azadegan-league-2023-2024/results/;['183']
IRAN;IRAN 2;2022-2023;https://www.flashscore.com/football/iran/azadegan-league-2022-2023/results/;['176']
IRAN;IRAN 2;2021-2022;https://www.flashscore.com/football/iran/azadegan-league-2021-2022/results/;['172']
GUATEMALA;GUATEMALA 1;2026-2027;https://www.flashscore.com/football/guatemala/liga-nacional/results/;[]
GUATEMALA;GUATEMALA 1;2025-2026;https://www.flashscore.com/football/guatemala/liga-nacional-2025-2026/results/;['187']
GUATEMALA;GUATEMALA 1;2024-2025;https://www.flashscore.com/football/guatemala/liga-nacional-2024-2025/results/;['184']
GUATEMALA;GUATEMALA 1;2023-2024;https://www.flashscore.com/football/guatemala/liga-nacional-2023-2024/results/;['183']
GUATEMALA;GUATEMALA 1;2022-2023;https://www.flashscore.com/football/guatemala/liga-nacional-2022-2023/results/;['176']
GUATEMALA;GUATEMALA 1;2021-2022;https://www.flashscore.com/football/guatemala/liga-nacional-2021-2022/results/;['172']
SCOTLAND;SCOTLAND 1;2026-2027;https://www.flashscore.com/football/scotland/premiership/results/;[]
SCOTLAND;SCOTLAND 1;2025-2026;https://www.flashscore.com/football/scotland/premiership-2025-2026/results/;['187']
SCOTLAND;SCOTLAND 1;2024-2025;https://www.flashscore.com/football/scotland/premiership-2024-2025/results/;['184']
SCOTLAND;SCOTLAND 1;2023-2024;https://www.flashscore.com/football/scotland/premiership-2023-2024/results/;['183']
SCOTLAND;SCOTLAND 1;2022-2023;https://www.flashscore.com/football/scotland/premiership-2022-2023/results/;['176']
SCOTLAND;SCOTLAND 1;2021-2022;https://www.flashscore.com/football/scotland/premiership-2021-2022/results/;['172']
SCOTLAND;SCOTLAND 2;2026-2027;https://www.flashscore.com/football/scotland/championship/results/;[]
SCOTLAND;SCOTLAND 2;2025-2026;https://www.flashscore.com/football/scotland/championship-2025-2026/results/;['187']
SCOTLAND;SCOTLAND 2;2024-2025;https://www.flashscore.com/football/scotland/championship-2024-2025/results/;['184']
SCOTLAND;SCOTLAND 2;2023-2024;https://www.flashscore.com/football/scotland/championship-2023-2024/results/;['183']
SCOTLAND;SCOTLAND 2;2022-2023;https://www.flashscore.com/football/scotland/championship-2022-2023/results/;['176']
SCOTLAND;SCOTLAND 2;2021-2022;https://www.flashscore.com/football/scotland/championship-2021-2022/results/;['172']
TANZANIA;TANZANIA 1;2026-2027;https://www.flashscore.com/football/tanzania/ligi-kuu-bara/results/;[]
TANZANIA;TANZANIA 1;2025-2026;https://www.flashscore.com/football/tanzania/ligi-kuu-bara-2025-2026/results/;['187']
TANZANIA;TANZANIA 1;2024-2025;https://www.flashscore.com/football/tanzania/ligi-kuu-bara-2024-2025/results/;['184']
TANZANIA;TANZANIA 1;2023-2024;https://www.flashscore.com/football/tanzania/ligi-kuu-bara-2023-2024/results/;['183']
TANZANIA;TANZANIA 1;2022-2023;https://www.flashscore.com/football/tanzania/ligi-kuu-bara-2022-2023/results/;['176']
TANZANIA;TANZANIA 1;2021-2022;https://www.flashscore.com/football/tanzania/ligi-kuu-bara-2021-2022/results/;['172']
UZBEKISTAN;UZBEKISTAN 1;2026;https://www.flashscore.com/football/uzbekistan/super-league/results/;['185']
UZBEKISTAN;UZBEKISTAN 1;2025;https://www.flashscore.com/football/uzbekistan/super-league-2025/results/;['182']
UZBEKISTAN;UZBEKISTAN 1;2024;https://www.flashscore.com/football/uzbekistan/super-league-2024/results/;['177']
UZBEKISTAN;UZBEKISTAN 1;2023;https://www.flashscore.com/football/uzbekistan/super-league-2023/results/;['175']
UZBEKISTAN;UZBEKISTAN 1;2022;https://www.flashscore.com/football/uzbekistan/super-league-2022/results/;['156']
UZBEKISTAN;UZBEKISTAN 1;2021;https://www.flashscore.com/football/uzbekistan/super-league-2021/results/;['158']
UZBEKISTAN;UZBEKISTAN 2;2026;https://www.flashscore.com/football/uzbekistan/pro-liga/results/;[]
UZBEKISTAN;UZBEKISTAN 2;2025;https://www.flashscore.com/football/uzbekistan/pro-liga-2025/results/;[]
UZBEKISTAN;UZBEKISTAN 2;2024;https://www.flashscore.com/football/uzbekistan/pro-liga-2024/results/;['177']
UZBEKISTAN;UZBEKISTAN 2;2023;https://www.flashscore.com/football/uzbekistan/pro-liga-2023/results/;['175']
UZBEKISTAN;UZBEKISTAN 2;2022;https://www.flashscore.com/football/uzbekistan/pro-liga-2022/results/;['156']
UZBEKISTAN;UZBEKISTAN 2;2021;https://www.flashscore.com/football/uzbekistan/pro-liga-2021/results/;[]
ZIMBABWE;ZIMBABWE 1;2026;https://www.flashscore.com/football/zimbabwe/premier-soccer-league/results/;['185']
ZIMBABWE;ZIMBABWE 1;2025;https://www.flashscore.com/football/zimbabwe/premier-soccer-league-2025/results/;['182']
ZIMBABWE;ZIMBABWE 1;2024;https://www.flashscore.com/football/zimbabwe/premier-soccer-league-2024/results/;['177']
ZIMBABWE;ZIMBABWE 1;2023;https://www.flashscore.com/football/zimbabwe/premier-soccer-league-2023/results/;['175']
ZIMBABWE;ZIMBABWE 1;2022;https://www.flashscore.com/football/zimbabwe/premier-soccer-league-2021-2022/results/;['172']
ENGLAND;PROFESSIONAL DEVELOPMENT LEAGUE;2026-2027;https://www.flashscore.com/football/england/professional-development-league/results/;[]
ENGLAND;PROFESSIONAL DEVELOPMENT LEAGUE;2025-2026;https://www.flashscore.com/football/england/professional-development-league-2025-2026/results/;['187']
ENGLAND;PROFESSIONAL DEVELOPMENT LEAGUE;2024-2025;https://www.flashscore.com/football/england/professional-development-league-2024-2025/results/;['184']
ENGLAND;PROFESSIONAL DEVELOPMENT LEAGUE;2023-2024;https://www.flashscore.com/football/england/professional-development-league-2023-2024/results/;['183']
ENGLAND;PROFESSIONAL DEVELOPMENT LEAGUE;2022-2023;https://www.flashscore.com/football/england/professional-development-league-2022-2023/results/;['176']
ENGLAND;PROFESSIONAL DEVELOPMENT LEAGUE;2021-2022;https://www.flashscore.com/football/england/professional-development-league-2021-2022/results/;['172']
BRAZIL;SERIE D;2026;https://www.flashscore.com/football/brazil/serie-d/results/;['185']
BRAZIL;SERIE D;2025;https://www.flashscore.com/football/brazil/serie-d-2025/results/;['182']
BRAZIL;SERIE D;2024;https://www.flashscore.com/football/brazil/serie-d-2024/results/;['177']
BRAZIL;SERIE D;2023;https://www.flashscore.com/football/brazil/serie-d-2023/results/;['175']
BRAZIL;SERIE D;2022;https://www.flashscore.com/football/brazil/serie-d-2022/results/;['156']
BRAZIL;SERIE D;2021;https://www.flashscore.com/football/brazil/serie-d-2021/results/;['158']
INDIA;I-LEAGUE;2026;https://www.flashscore.com/football/india/i-league/results/;[]
INDIA;I-LEAGUE;2025-2026;https://www.flashscore.com/football/india/i-league-2025-2026/results/;[]
INDIA;I-LEAGUE;2024-2025;https://www.flashscore.com/football/india/i-league-2024-2025/results/;['184']
INDIA;I-LEAGUE;2023-2024;https://www.flashscore.com/football/india/i-league-2023-2024/results/;['183']
INDIA;I-LEAGUE;2022-2023;https://www.flashscore.com/football/india/i-league-2022-2023/results/;['176']
INDIA;I-LEAGUE;2021-2022;https://www.flashscore.com/football/india/i-league-2021-2022/results/;['172']
INDIA;I-LEAGUE 2;2026;https://www.flashscore.com/football/india/i-league-2/results/;[]
INDIA;I-LEAGUE 2;2025-2026;https://www.flashscore.com/football/india/i-league-2-2025-2026/results/;[]
INDIA;I-LEAGUE 2;2024-2025;https://www.flashscore.com/football/india/i-league-2-2024-2025/results/;[]
INDIA;I-LEAGUE 2;2023-2024;https://www.flashscore.com/football/india/i-league-2-2023-2024/results/;[]
INDIA;I-LEAGUE 2;2022-2023;https://www.flashscore.com/football/india/i-league-2-2022-2023/results/;[]
AUSTRALIA;A-LEAGUE;2026;https://www.flashscore.com/football/australia/a-league/results/;[]
AUSTRALIA;A-LEAGUE;2025-2026;https://www.flashscore.com/football/australia/a-league-2025-2026/results/;['187']
AUSTRALIA;A-LEAGUE;2024-2025;https://www.flashscore.com/football/australia/a-league-2024-2025/results/;['184']
AUSTRALIA;A-LEAGUE;2023-2024;https://www.flashscore.com/football/australia/a-league-2023-2024/results/;['183']
AUSTRALIA;A-LEAGUE;2022-2023;https://www.flashscore.com/football/australia/a-league-2022-2023/results/;['176']
AUSTRALIA;A-LEAGUE;2021-2022;https://www.flashscore.com/football/australia/a-league-2021-2022/results/;['172']
AUSTRALIA;NPL VICTORIA;2026;https://www.flashscore.com/football/australia/npl-victoria-2026/results/;[]
AUSTRALIA;NPL VICTORIA;2025;https://www.flashscore.com/football/australia/npl-victoria-2025/results/;['182']
AUSTRALIA;NPL VICTORIA;2024;https://www.flashscore.com/football/australia/npl-victoria-2024/results/;['177']
AUSTRALIA;NPL VICTORIA;2023;https://www.flashscore.com/football/australia/npl-victoria-2023/results/;['175']
AUSTRALIA;NPL VICTORIA;2022;https://www.flashscore.com/football/australia/npl-victoria-2022/results/;['156']
AUSTRALIA;NPL VICTORIA;2021;https://www.flashscore.com/football/australia/npl-victoria-2021/results/;['158']
BRAZIL;BRAZIL 1;2026;https://www.flashscore.com/football/brazil/serie-a-betano/results/;['185']
BRAZIL;BRAZIL 1;2025;https://www.flashscore.com/football/brazil/serie-a-betano-2025/results/;['182']
BRAZIL;BRAZIL 1;2024;https://www.flashscore.com/football/brazil/serie-a-betano-2024/results/;['177']
BRAZIL;BRAZIL 1;2023;https://www.flashscore.com/football/brazil/serie-a-betano-2023/results/;['175']
BRAZIL;BRAZIL 1;2022;https://www.flashscore.com/football/brazil/serie-a-betano-2022/results/;['156']
BRAZIL;BRAZIL 1;2021;https://www.flashscore.com/football/brazil/serie-a-betano-2021/results/;['158']
BRAZIL;BRAZIL 2;2026;https://www.flashscore.com/football/brazil/serie-b/results/;['185']
BRAZIL;BRAZIL 2;2025;https://www.flashscore.com/football/brazil/serie-b-2025/results/;['182']
BRAZIL;BRAZIL 2;2024;https://www.flashscore.com/football/brazil/serie-b-2024/results/;['177']
BRAZIL;BRAZIL 2;2023;https://www.flashscore.com/football/brazil/serie-b-2023/results/;['175']
BRAZIL;BRAZIL 2;2022;https://www.flashscore.com/football/brazil/serie-b-2022/results/;['156']
BRAZIL;BRAZIL 2;2021;https://www.flashscore.com/football/brazil/serie-b-2021/results/;['158']
BRAZIL;BRAZIL 3;2026;https://www.flashscore.com/football/brazil/serie-c/results/;['185']
BRAZIL;BRAZIL 3;2025;https://www.flashscore.com/football/brazil/serie-c-2025/results/;['182']
BRAZIL;BRAZIL 3;2024;https://www.flashscore.com/football/brazil/serie-c-2024/results/;['177']
BRAZIL;BRAZIL 3;2023;https://www.flashscore.com/football/brazil/serie-c-2023/results/;['175']
BRAZIL;BRAZIL 3;2022;https://www.flashscore.com/football/brazil/serie-c-2022/results/;['156']
BRAZIL;BRAZIL 3;2021;https://www.flashscore.com/football/brazil/serie-c-2021/results/;['158']
BRAZIL;BRAZIL 4;2026;https://www.flashscore.com/football/brazil/serie-d/results/;['185']
BRAZIL;BRAZIL 4;2025;https://www.flashscore.com/football/brazil/serie-d-2025/results/;['182']
BRAZIL;BRAZIL 4;2024;https://www.flashscore.com/football/brazil/serie-d-2024/results/;['177']
BRAZIL;BRAZIL 4;2023;https://www.flashscore.com/football/brazil/serie-d-2023/results/;['175']
BRAZIL;BRAZIL 4;2022;https://www.flashscore.com/football/brazil/serie-d-2022/results/;['156']
BRAZIL;BRAZIL 4;2021;https://www.flashscore.com/football/brazil/serie-d-2021/results/;['158']
SPAIN;SPAIN 1;2025/2026;https://www.flashscore.com/football/spain/laliga-2025-2026/results/;['187']
SPAIN;SPAIN 1;2024/2025;https://www.flashscore.com/football/spain/laliga-2024-2025/results/;['184']
SPAIN;SPAIN 1;2023/2024;https://www.flashscore.com/football/spain/laliga-2023-2024/results/;['183']
SPAIN;SPAIN 1;2022/2023;https://www.flashscore.com/football/spain/laliga-2022-2023/results/;['176']
SPAIN;SPAIN 1;2021/2022;https://www.flashscore.com/football/spain/laliga-2021-2022/results/;['172']
SPAIN;SPAIN 2;2025/2026;https://www.flashscore.com/football/spain/laliga2-2025-2026/results/;['187']
SPAIN;SPAIN 2;2024/2025;https://www.flashscore.com/football/spain/laliga2-2024-2025/results/;['184']
SPAIN;SPAIN 2;2023/2024;https://www.flashscore.com/football/spain/laliga2-2023-2024/results/;['183']
SPAIN;SPAIN 2;2022/2023;https://www.flashscore.com/football/spain/laliga2-2022-2023/results/;['176']
SPAIN;SPAIN 2;2021/2022;https://www.flashscore.com/football/spain/laliga2-2021-2022/results/;['172']
SPAIN;SPAIN 3;2025/2026;https://www.flashscore.com/football/spain/primera-rfef-group-1-2025-2026/results/;['187']
SPAIN;SPAIN 3;2024/2025;https://www.flashscore.com/football/spain/primera-rfef-group-1-2024-2025/results/;['184']
SPAIN;SPAIN 3;2023/2024;https://www.flashscore.com/football/spain/primera-rfef-group-1-2023-2024/results/;['183']
SPAIN;SPAIN 3;2022/2023;https://www.flashscore.com/football/spain/primera-rfef-group-1-2022-2023/results/;['176']
SPAIN;SPAIN 3;2021/2022;https://www.flashscore.com/football/spain/primera-rfef-group-1-2021-2022/results/;['172']
SPAIN;SPAIN 3;2025/2026;https://www.flashscore.com/football/spain/primera-rfef-group-2-2025-2026/results/;['187']
SPAIN;SPAIN 3;2024/2025;https://www.flashscore.com/football/spain/primera-rfef-group-2-2024-2025/results/;['184']
SPAIN;SPAIN 3;2023/2024;https://www.flashscore.com/football/spain/primera-rfef-group-2-2023-2024/results/;['183']
SPAIN;SPAIN 3;2022/2023;https://www.flashscore.com/football/spain/primera-rfef-group-2-2022-2023/results/;['176']
SPAIN;SPAIN 3;2021/2022;https://www.flashscore.com/football/spain/primera-rfef-group-2-2021-2022/results/;['172']
SPAIN;SPAIN 4;2025/2026;https://www.flashscore.com/football/spain/primera-rfef-play-offs-2025-2026/results/;[]
SPAIN;SPAIN 4;2024/2025;https://www.flashscore.com/football/spain/primera-rfef-play-offs-2024-2025/results/;[]
SPAIN;SPAIN 4;2023/2024;https://www.flashscore.com/football/spain/primera-rfef-play-offs-2023-2024/results/;[]
SPAIN;SPAIN 4;2022/2023;https://www.flashscore.com/football/spain/primera-rfef-play-offs-2022-2023/results/;[]
SPAIN;SPAIN 4;2021/2022;https://www.flashscore.com/football/spain/primera-rfef-play-offs-2021-2022/results/;[]
GERMANY;GERMANY 1;2025/2026;https://www.flashscore.com/football/germany/bundesliga-2025-2026/results/;['187']
GERMANY;GERMANY 1;2024/2025;https://www.flashscore.com/football/germany/bundesliga-2024-2025/results/;['184']
GERMANY;GERMANY 1;2023/2024;https://www.flashscore.com/football/germany/bundesliga-2023-2024/results/;['183']
GERMANY;GERMANY 1;2022/2023;https://www.flashscore.com/football/germany/bundesliga-2022-2023/results/;['176']
GERMANY;GERMANY 1;2021/2022;https://www.flashscore.com/football/germany/bundesliga-2021-2022/results/;['172']
GERMANY;GERMANY 2;2025/2026;https://www.flashscore.com/football/germany/2-bundesliga-2025-2026/results/;['187']
GERMANY;GERMANY 2;2024/2025;https://www.flashscore.com/football/germany/2-bundesliga-2024-2025/results/;['184']
GERMANY;GERMANY 2;2023/2024;https://www.flashscore.com/football/germany/2-bundesliga-2023-2024/results/;['183']
GERMANY;GERMANY 2;2022/2023;https://www.flashscore.com/football/germany/2-bundesliga-2022-2023/results/;['176']
GERMANY;GERMANY 2;2021/2022;https://www.flashscore.com/football/germany/2-bundesliga-2021-2022/results/;['172']
GERMANY;GERMANY 3;2025/2026;https://www.flashscore.com/football/germany/3-liga-2025-2026/results/;['187']
GERMANY;GERMANY 3;2024/2025;https://www.flashscore.com/football/germany/3-liga-2024-2025/results/;['184']
GERMANY;GERMANY 3;2023/2024;https://www.flashscore.com/football/germany/3-liga-2023-2024/results/;['183']
GERMANY;GERMANY 3;2022/2023;https://www.flashscore.com/football/germany/3-liga-2022-2023/results/;['176']
GERMANY;GERMANY 3;2021/2022;https://www.flashscore.com/football/germany/3-liga-2021-2022/results/;['172']
GERMANY;GERMANY 4;2025/2026;https://www.flashscore.com/football/germany/regionalliga-north-2025-2026/results/;['187']
GERMANY;GERMANY 4;2024/2025;https://www.flashscore.com/football/germany/regionalliga-north-2024-2025/results/;['184']
GERMANY;GERMANY 4;2023/2024;https://www.flashscore.com/football/germany/regionalliga-north-2023-2024/results/;['183']
GERMANY;GERMANY 4;2022/2023;https://www.flashscore.com/football/germany/regionalliga-north-2022-2023/results/;['176']
GERMANY;GERMANY 4;2021/2022;https://www.flashscore.com/football/germany/regionalliga-north-2021-2022/results/;['172']
GERMANY;GERMANY 4;2025/2026;https://www.flashscore.com/football/germany/regionalliga-west-2025-2026/results/;['187']
GERMANY;GERMANY 4;2024/2025;https://www.flashscore.com/football/germany/regionalliga-west-2024-2025/results/;['184']
GERMANY;GERMANY 4;2023/2024;https://www.flashscore.com/football/germany/regionalliga-west-2023-2024/results/;['183']
GERMANY;GERMANY 4;2022/2023;https://www.flashscore.com/football/germany/regionalliga-west-2022-2023/results/;['176']
GERMANY;GERMANY 4;2021/2022;https://www.flashscore.com/football/germany/regionalliga-west-2021-2022/results/;['172']
ENGLAND;ENGLAND 1;2025/2026;https://www.flashscore.com/football/england/premier-league-2025-2026/results/;['187']
ENGLAND;ENGLAND 1;2024/2025;https://www.flashscore.com/football/england/premier-league-2024-2025/results/;['184']
ENGLAND;ENGLAND 1;2023/2024;https://www.flashscore.com/football/england/premier-league-2023-2024/results/;['183']
ENGLAND;ENGLAND 1;2022/2023;https://www.flashscore.com/football/england/premier-league-2022-2023/results/;['176']
ENGLAND;ENGLAND 1;2021/2022;https://www.flashscore.com/football/england/premier-league-2021-2022/results/;['172']
ENGLAND;ENGLAND 2;2025/2026;https://www.flashscore.com/football/england/championship-2025-2026/results/;['187']
ENGLAND;ENGLAND 2;2024/2025;https://www.flashscore.com/football/england/championship-2024-2025/results/;['184']
ENGLAND;ENGLAND 2;2023/2024;https://www.flashscore.com/football/england/championship-2023-2024/results/;['183']
ENGLAND;ENGLAND 2;2022/2023;https://www.flashscore.com/football/england/championship-2022-2023/results/;['176']
ENGLAND;ENGLAND 2;2021/2022;https://www.flashscore.com/football/england/championship-2021-2022/results/;['172']
ENGLAND;ENGLAND 3;2025/2026;https://www.flashscore.com/football/england/league-one-2025-2026/results/;['187']
ENGLAND;ENGLAND 3;2024/2025;https://www.flashscore.com/football/england/league-one-2024-2025/results/;['184']
ENGLAND;ENGLAND 3;2023/2024;https://www.flashscore.com/football/england/league-one-2023-2024/results/;['183']
ENGLAND;ENGLAND 3;2022/2023;https://www.flashscore.com/football/england/league-one-2022-2023/results/;['176']
ENGLAND;ENGLAND 3;2021/2022;https://www.flashscore.com/football/england/league-one-2021-2022/results/;['172']
ENGLAND;ENGLAND 4;2025/2026;https://www.flashscore.com/football/england/league-two-2025-2026/results/;['187']
ENGLAND;ENGLAND 4;2024/2025;https://www.flashscore.com/football/england/league-two-2024-2025/results/;['184']
ENGLAND;ENGLAND 4;2023/2024;https://www.flashscore.com/football/england/league-two-2023-2024/results/;['183']
ENGLAND;ENGLAND 4;2022/2023;https://www.flashscore.com/football/england/league-two-2022-2023/results/;['176']
ENGLAND;ENGLAND 4;2021/2022;https://www.flashscore.com/football/england/league-two-2021-2022/results/;['172']
ENGLAND;ENGLAND 5;2025/2026;https://www.flashscore.com/football/england/national-league-2025-2026/results/;['187']
ENGLAND;ENGLAND 5;2024/2025;https://www.flashscore.com/football/england/national-league-2024-2025/results/;['184']
ENGLAND;ENGLAND 5;2023/2024;https://www.flashscore.com/football/england/national-league-2023-2024/results/;['183']
ENGLAND;ENGLAND 5;2022/2023;https://www.flashscore.com/football/england/national-league-2022-2023/results/;['176']
ENGLAND;ENGLAND 5;2021/2022;https://www.flashscore.com/football/england/national-league-2021-2022/results/;['172']
ITALY;ITALY 1;2025/2026;https://www.flashscore.com/football/italy/serie-a-2025-2026/results/;['187']
ITALY;ITALY 1;2024/2025;https://www.flashscore.com/football/italy/serie-a-2024-2025/results/;['184']
ITALY;ITALY 1;2023/2024;https://www.flashscore.com/football/italy/serie-a-2023-2024/results/;['183']
ITALY;ITALY 1;2022/2023;https://www.flashscore.com/football/italy/serie-a-2022-2023/results/;['176']
ITALY;ITALY 1;2021/2022;https://www.flashscore.com/football/italy/serie-a-2021-2022/results/;['172']
ITALY;ITALY 2;2025/2026;https://www.flashscore.com/football/italy/serie-b-2025-2026/results/;['187']
ITALY;ITALY 2;2024/2025;https://www.flashscore.com/football/italy/serie-b-2024-2025/results/;['184']
ITALY;ITALY 2;2023/2024;https://www.flashscore.com/football/italy/serie-b-2023-2024/results/;['183']
ITALY;ITALY 2;2022/2023;https://www.flashscore.com/football/italy/serie-b-2022-2023/results/;['176']
ITALY;ITALY 2;2021/2022;https://www.flashscore.com/football/italy/serie-b-2021-2022/results/;['172']
ITALY;ITALY 3;2025/2026;https://www.flashscore.com/football/italy/serie-c-group-b-2025-2026/results/;['187']
ITALY;ITALY 3;2024/2025;https://www.flashscore.com/football/italy/serie-c-group-b-2024-2025/results/;['184']
ITALY;ITALY 3;2023/2024;https://www.flashscore.com/football/italy/serie-c-group-b-2023-2024/results/;['183']
ITALY;ITALY 3;2022/2023;https://www.flashscore.com/football/italy/serie-c-group-b-2022-2023/results/;['176']
ITALY;ITALY 3;2021/2022;https://www.flashscore.com/football/italy/serie-c-group-b-2021-2022/results/;['172']
ITALY;ITALY 3;2025/2026;https://www.flashscore.com/football/italy/serie-c-group-a-2025-2026/results/;['187']
ITALY;ITALY 3;2024/2025;https://www.flashscore.com/football/italy/serie-c-group-a-2024-2025/results/;['184']
ITALY;ITALY 3;2023/2024;https://www.flashscore.com/football/italy/serie-c-group-a-2023-2024/results/;['183']
ITALY;ITALY 3;2022/2023;https://www.flashscore.com/football/italy/serie-c-group-a-2022-2023/results/;['176']
ITALY;ITALY 3;2021/2022;https://www.flashscore.com/football/italy/serie-c-group-a-2021-2022/results/;['172']
ITALY;ITALY 3;2025/2026;https://www.flashscore.com/football/italy/serie-c-group-c-2025-2026/results/;['187']
ITALY;ITALY 3;2024/2025;https://www.flashscore.com/football/italy/serie-c-group-c-2024-2025/results/;['184']
ITALY;ITALY 3;2023/2024;https://www.flashscore.com/football/italy/serie-c-group-c-2023-2024/results/;['183']
ITALY;ITALY 3;2022/2023;https://www.flashscore.com/football/italy/serie-c-group-c-2022-2023/results/;['176']
ITALY;ITALY 3;2021/2022;https://www.flashscore.com/football/italy/serie-c-group-c-2021-2022/results/;['172']
ITALY;ITALY 4;2025/2026;https://www.flashscore.com/football/italy/serie-c-promotion-play-offs-2025-2026/results/;[]
ITALY;ITALY 4;2024/2025;https://www.flashscore.com/football/italy/serie-c-promotion-play-offs-2024-2025/results/;[]
ITALY;ITALY 4;2023/2024;https://www.flashscore.com/football/italy/serie-c-promotion-play-offs-2023-2024/results/;[]
ITALY;ITALY 4;2022/2023;https://www.flashscore.com/football/italy/serie-c-promotion-play-offs-2022-2023/results/;[]
ITALY;ITALY 4;2021/2022;https://www.flashscore.com/football/italy/serie-c-promotion-play-offs-2021-2022/results/;[]
ITALY;ITALY 5;2025/2026;https://www.flashscore.com/football/italy/serie-c-play-out-2025-2026/results/;[]
ITALY;ITALY 5;2024/2025;https://www.flashscore.com/football/italy/serie-c-play-out-2024-2025/results/;[]
ITALY;ITALY 5;2023/2024;https://www.flashscore.com/football/italy/serie-c-play-out-2023-2024/results/;[]
ITALY;ITALY 5;2022/2023;https://www.flashscore.com/football/italy/serie-c-play-out-2022-2023/results/;[]
ITALY;ITALY 5;2021/2022;https://www.flashscore.com/football/italy/serie-c-play-out-2021-2022/results/;[]
FRANCE;FRANCE 1;2025/2026;https://www.flashscore.com/football/france/ligue-1-2025-2026/results/;['187']
FRANCE;FRANCE 1;2024/2025;https://www.flashscore.com/football/france/ligue-1-2024-2025/results/;['184']
FRANCE;FRANCE 1;2023/2024;https://www.flashscore.com/football/france/ligue-1-2023-2024/results/;['183']
FRANCE;FRANCE 1;2022/2023;https://www.flashscore.com/football/france/ligue-1-2022-2023/results/;['176']
FRANCE;FRANCE 1;2021/2022;https://www.flashscore.com/football/france/ligue-1-2021-2022/results/;['172']
FRANCE;FRANCE 2;2025/2026;https://www.flashscore.com/football/france/ligue-2-2025-2026/results/;['187']
FRANCE;FRANCE 2;2024/2025;https://www.flashscore.com/football/france/ligue-2-2024-2025/results/;['184']
FRANCE;FRANCE 2;2023/2024;https://www.flashscore.com/football/france/ligue-2-2023-2024/results/;['183']
FRANCE;FRANCE 2;2022/2023;https://www.flashscore.com/football/france/ligue-2-2022-2023/results/;['176']
FRANCE;FRANCE 2;2021/2022;https://www.flashscore.com/football/france/ligue-2-2021-2022/results/;['172']
FRANCE;FRANCE 3;2025/2026;https://www.flashscore.com/football/france/ligue-3-2025-2026/results/;['187']
FRANCE;FRANCE 3;2024/2025;https://www.flashscore.com/football/france/ligue-3-2024-2025/results/;['184']
FRANCE;FRANCE 3;2023/2024;https://www.flashscore.com/football/france/ligue-3-2023-2024/results/;['183']
FRANCE;FRANCE 3;2022/2023;https://www.flashscore.com/football/france/ligue-3-2022-2023/results/;['176']
FRANCE;FRANCE 3;2021/2022;https://www.flashscore.com/football/france/ligue-3-2021-2022/results/;['172']
ARGENTINA;ARGENTINA 1;2026;https://www.flashscore.com/football/argentina/liga-profesional/results/;['185']
ARGENTINA;ARGENTINA 1;2025;https://www.flashscore.com/football/argentina/liga-profesional-2025/results/;['182']
ARGENTINA;ARGENTINA 1;2024;https://www.flashscore.com/football/argentina/liga-profesional-2024/results/;['177']
ARGENTINA;ARGENTINA 1;2023;https://www.flashscore.com/football/argentina/liga-profesional-2023/results/;['175']
ARGENTINA;ARGENTINA 1;2022;https://www.flashscore.com/football/argentina/liga-profesional-2022/results/;['156']
ARGENTINA;ARGENTINA 1;2021;https://www.flashscore.com/football/argentina/liga-profesional-2021/results/;['158']
ARGENTINA;ARGENTINA 2;2026;https://www.flashscore.com/football/argentina/primera-nacional-2026/results/;[]
ARGENTINA;ARGENTINA 2;2025;https://www.flashscore.com/football/argentina/primera-nacional-2025/results/;['182']
ARGENTINA;ARGENTINA 2;2024;https://www.flashscore.com/football/argentina/primera-nacional-2024/results/;['177']
ARGENTINA;ARGENTINA 2;2023;https://www.flashscore.com/football/argentina/primera-nacional-2023/results/;['175']
ARGENTINA;ARGENTINA 2;2022;https://www.flashscore.com/football/argentina/primera-nacional-2022/results/;['156']
ARGENTINA;ARGENTINA 2;2021;https://www.flashscore.com/football/argentina/primera-nacional-2021/results/;['158']
ARGENTINA;ARGENTINA 3;2026;https://www.flashscore.com/football/argentina/torneo-federal/results/;['185']
ARGENTINA;ARGENTINA 3;2025;https://www.flashscore.com/football/argentina/torneo-federal-2025/results/;['182']
ARGENTINA;ARGENTINA 3;2024;https://www.flashscore.com/football/argentina/torneo-federal-2024/results/;['177']
ARGENTINA;ARGENTINA 3;2023;https://www.flashscore.com/football/argentina/torneo-federal-2023/results/;['175']
ARGENTINA;ARGENTINA 3;2022;https://www.flashscore.com/football/argentina/torneo-federal-2022/results/;['156']
ARGENTINA;ARGENTINA 3;2021;https://www.flashscore.com/football/argentina/torneo-federal-2021/results/;['158']
ARGENTINA;ARGENTINA 3;2026;https://www.flashscore.com/football/argentina/primera-b/results/;['185']
ARGENTINA;ARGENTINA 3;2025;https://www.flashscore.com/football/argentina/primera-b-2025/results/;['182']
ARGENTINA;ARGENTINA 3;2024;https://www.flashscore.com/football/argentina/primera-b-2024/results/;['177']
ARGENTINA;ARGENTINA 3;2023;https://www.flashscore.com/football/argentina/primera-b-2023/results/;['175']
ARGENTINA;ARGENTINA 3;2022;https://www.flashscore.com/football/argentina/primera-b-2022/results/;['156']
ARGENTINA;ARGENTINA 3;2021;https://www.flashscore.com/football/argentina/primera-b-2021/results/;['158']
BELGIUM;BELGIUM 1;2025-2026;https://www.flashscore.com/football/belgium/jupiler-pro-league-2025-2026/results/;['187']
BELGIUM;BELGIUM 1;2024-2025;https://www.flashscore.com/football/belgium/jupiler-pro-league-2024-2025/results/;['184']
BELGIUM;BELGIUM 1;2023-2024;https://www.flashscore.com/football/belgium/jupiler-pro-league-2023-2024/results/;['183']
BELGIUM;BELGIUM 1;2022-2023;https://www.flashscore.com/football/belgium/jupiler-pro-league-2022-2023/results/;['176']
BELGIUM;BELGIUM 1;2021-2022;https://www.flashscore.com/football/belgium/jupiler-pro-league-2021-2022/results/;['172']
BELGIUM;BELGIUM 2;2025-2026;https://www.flashscore.com/football/belgium/challenger-pro-league-2025-2026/results/;['187']
BELGIUM;BELGIUM 2;2024-2025;https://www.flashscore.com/football/belgium/challenger-pro-league-2024-2025/results/;['184']
BELGIUM;BELGIUM 2;2023-2024;https://www.flashscore.com/football/belgium/challenger-pro-league-2023-2024/results/;['183']
BELGIUM;BELGIUM 2;2022-2023;https://www.flashscore.com/football/belgium/challenger-pro-league-2022-2023/results/;['176']
BELGIUM;BELGIUM 2;2021-2022;https://www.flashscore.com/football/belgium/challenger-pro-league-2021-2022/results/;['172']
CHINA;CHINA 1;2026;https://www.flashscore.com/football/china/super-league/results/;['185']
CHINA;CHINA 1;2025;https://www.flashscore.com/football/china/super-league-2025/results/;['182']
CHINA;CHINA 1;2024;https://www.flashscore.com/football/china/super-league-2024/results/;['177']
CHINA;CHINA 1;2023;https://www.flashscore.com/football/china/super-league-2023/results/;['175']
CHINA;CHINA 1;2022;https://www.flashscore.com/football/china/super-league-2022/results/;['156']
CHINA;CHINA 1;2021;https://www.flashscore.com/football/china/super-league-2021/results/;['158']
CHINA;CHINA 2;2026;https://www.flashscore.com/football/china/league-one/results/;['185']
CHINA;CHINA 2;2025;https://www.flashscore.com/football/china/league-one-2025/results/;['182']
CHINA;CHINA 2;2024;https://www.flashscore.com/football/china/league-one-2024/results/;['177']
CHINA;CHINA 2;2023;https://www.flashscore.com/football/china/league-one-2023/results/;['175']
CHINA;CHINA 2;2022;https://www.flashscore.com/football/china/league-one-2022/results/;['156']
CHINA;CHINA 2;2021;https://www.flashscore.com/football/china/league-one-2021/results/;['158']
CHINA;CHINA 3;2026;https://www.flashscore.com/football/china/league-two/results/;['185']
CHINA;CHINA 3;2025;https://www.flashscore.com/football/china/league-two-2025/results/;['182']
CHINA;CHINA 3;2024;https://www.flashscore.com/football/china/league-two-2024/results/;['177']
CHINA;CHINA 3;2023;https://www.flashscore.com/football/china/league-two-2023/results/;['175']
CHINA;CHINA 3;2022;https://www.flashscore.com/football/china/league-two-2022/results/;['156']
CHINA;CHINA 3;2021;https://www.flashscore.com/football/china/league-two-2021/results/;['158']
DENMARK;DENMARK 1;2025-2026;https://www.flashscore.com/football/denmark/superliga-2025-2026/results/;['187']
DENMARK;DENMARK 1;2024-2025;https://www.flashscore.com/football/denmark/superliga-2024-2025/results/;['184']
DENMARK;DENMARK 1;2023-2024;https://www.flashscore.com/football/denmark/superliga-2023-2024/results/;['183']
DENMARK;DENMARK 1;2022-2023;https://www.flashscore.com/football/denmark/superliga-2022-2023/results/;['176']
DENMARK;DENMARK 1;2021-2022;https://www.flashscore.com/football/denmark/superliga-2021-2022/results/;['172']
DENMARK;DENMARK 2;2025-2026;https://www.flashscore.com/football/denmark/1st-division-2025-2026/results/;['187']
DENMARK;DENMARK 2;2024-2025;https://www.flashscore.com/football/denmark/1st-division-2024-2025/results/;['184']
DENMARK;DENMARK 2;2023-2024;https://www.flashscore.com/football/denmark/1st-division-2023-2024/results/;['183']
DENMARK;DENMARK 2;2022-2023;https://www.flashscore.com/football/denmark/1st-division-2022-2023/results/;['176']
DENMARK;DENMARK 2;2021-2022;https://www.flashscore.com/football/denmark/1st-division-2021-2022/results/;['172']
DENMARK;DENMARK 3;2025-2026;https://www.flashscore.com/football/denmark/2nd-division-2025-2026/results/;['187']
DENMARK;DENMARK 3;2024-2025;https://www.flashscore.com/football/denmark/2nd-division-2024-2025/results/;['184']
DENMARK;DENMARK 3;2023-2024;https://www.flashscore.com/football/denmark/2nd-division-2023-2024/results/;['183']
DENMARK;DENMARK 3;2022-2023;https://www.flashscore.com/football/denmark/2nd-division-2022-2023/results/;['176']
DENMARK;DENMARK 3;2021-2022;https://www.flashscore.com/football/denmark/2nd-division-2021-2022/results/;['172']
DENMARK;DENMARK 4;2025-2026;https://www.flashscore.com/football/denmark/3rd-division-2025-2026/results/;['187']
DENMARK;DENMARK 4;2024-2025;https://www.flashscore.com/football/denmark/3rd-division-2024-2025/results/;['184']
DENMARK;DENMARK 4;2023-2024;https://www.flashscore.com/football/denmark/3rd-division-2023-2024/results/;['183']
DENMARK;DENMARK 4;2022-2023;https://www.flashscore.com/football/denmark/3rd-division-2022-2023/results/;['176']
DENMARK;DENMARK 4;2021-2022;https://www.flashscore.com/football/denmark/3rd-division-2021-2022/results/;['172']
FINLAND;FINLAND 1;2026;https://www.flashscore.com/football/finland/veikkausliiga/results/;['185']
FINLAND;FINLAND 1;2025;https://www.flashscore.com/football/finland/veikkausliiga-2025/results/;['182']
FINLAND;FINLAND 1;2024;https://www.flashscore.com/football/finland/veikkausliiga-2024/results/;['177']
FINLAND;FINLAND 1;2023;https://www.flashscore.com/football/finland/veikkausliiga-2023/results/;['175']
FINLAND;FINLAND 1;2022;https://www.flashscore.com/football/finland/veikkausliiga-2022/results/;['156']
FINLAND;FINLAND 1;2021;https://www.flashscore.com/football/finland/veikkausliiga-2021/results/;['158']
FINLAND;FINLAND 2;2026;https://www.flashscore.com/football/finland/ykkosliiga/results/;[]
FINLAND;FINLAND 2;2025;https://www.flashscore.com/football/finland/ykkosliiga-2025/results/;['182']
FINLAND;FINLAND 2;2024;https://www.flashscore.com/football/finland/ykkosliiga-2024/results/;['177']
FINLAND;FINLAND 2;2023;https://www.flashscore.com/football/finland/ykkosliiga-2023/results/;['175']
FINLAND;FINLAND 2;2022;https://www.flashscore.com/football/finland/ykkosliiga-2022/results/;['156']
FINLAND;FINLAND 2;2021;https://www.flashscore.com/football/finland/ykkosliiga-2021/results/;['158']
FINLAND;FINLAND 3;2026;https://www.flashscore.com/football/finland/ykkonen-2026/results/;[]
FINLAND;FINLAND 3;2025;https://www.flashscore.com/football/finland/ykkonen-2025/results/;['182']
FINLAND;FINLAND 3;2024;https://www.flashscore.com/football/finland/ykkonen-2024/results/;['177']
FINLAND;FINLAND 4;2026;https://www.flashscore.com/football/finland/kakkonen-group-a/results/;[]
FINLAND;FINLAND 4;2025;https://www.flashscore.com/football/finland/kakkonen-group-a-2025/results/;['182']
FINLAND;FINLAND 4;2024;https://www.flashscore.com/football/finland/kakkonen-group-a-2024/results/;['177']
FINLAND;FINLAND 4;2023;https://www.flashscore.com/football/finland/kakkonen-group-a-2023/results/;['175']
FINLAND;FINLAND 4;2022;https://www.flashscore.com/football/finland/kakkonen-group-a-2022/results/;['156']
FINLAND;FINLAND 4;2021;https://www.flashscore.com/football/finland/kakkonen-group-a-2021/results/;['158']
FINLAND;FINLAND 4;2026;https://www.flashscore.com/football/finland/kakkonen-group-c/results/;[]
FINLAND;FINLAND 4;2025;https://www.flashscore.com/football/finland/kakkonen-group-c-2025/results/;[]
FINLAND;FINLAND 4;2024;https://www.flashscore.com/football/finland/kakkonen-group-c-2024/results/;['177']
FINLAND;FINLAND 4;2023;https://www.flashscore.com/football/finland/kakkonen-group-c-2023/results/;['175']
FINLAND;FINLAND 4;2022;https://www.flashscore.com/football/finland/kakkonen-group-c-2022/results/;['156']
FINLAND;FINLAND 4;2021;https://www.flashscore.com/football/finland/kakkonen-group-c-2021/results/;['158']
FINLAND;FINLAND 4;2026;https://www.flashscore.com/football/finland/kakkonen-group-b/results/;[]
FINLAND;FINLAND 4;2025;https://www.flashscore.com/football/finland/kakkonen-group-b-2025/results/;['182']
FINLAND;FINLAND 4;2024;https://www.flashscore.com/football/finland/kakkonen-group-b-2024/results/;['177']
FINLAND;FINLAND 4;2023;https://www.flashscore.com/football/finland/kakkonen-group-b-2023/results/;['175']
FINLAND;FINLAND 4;2022;https://www.flashscore.com/football/finland/kakkonen-group-b-2022/results/;['156']
FINLAND;FINLAND 4;2021;https://www.flashscore.com/football/finland/kakkonen-group-b-2021/results/;['158']
FINLAND;FINLAND 4;2026;https://www.flashscore.com/football/finland/kakkonen-play-offs/results/;[]
FINLAND;FINLAND 4;2025;https://www.flashscore.com/football/finland/kakkonen-play-offs-2025/results/;[]
FINLAND;FINLAND 4;2024;https://www.flashscore.com/football/finland/kakkonen-play-offs-2024/results/;[]
FINLAND;FINLAND 4;2023;https://www.flashscore.com/football/finland/kakkonen-play-offs-2023/results/;[]
ICELAND;ICELAND 1;2026;https://www.flashscore.com/football/iceland/besta-deild-karla-2026/results/;[]
ICELAND;ICELAND 1;2025;https://www.flashscore.com/football/iceland/besta-deild-karla-2025/results/;['182']
ICELAND;ICELAND 1;2024;https://www.flashscore.com/football/iceland/besta-deild-karla-2024/results/;['177']
ICELAND;ICELAND 1;2023;https://www.flashscore.com/football/iceland/besta-deild-karla-2023/results/;['175']
ICELAND;ICELAND 1;2022;https://www.flashscore.com/football/iceland/besta-deild-karla-2022/results/;['156']
ICELAND;ICELAND 1;2021;https://www.flashscore.com/football/iceland/besta-deild-karla-2021/results/;['158']
ICELAND;ICELAND 2;2026;https://www.flashscore.com/football/iceland/division-1/results/;['185']
ICELAND;ICELAND 2;2025;https://www.flashscore.com/football/iceland/division-1-2025/results/;['182']
ICELAND;ICELAND 2;2024;https://www.flashscore.com/football/iceland/division-1-2024/results/;['177']
ICELAND;ICELAND 2;2023;https://www.flashscore.com/football/iceland/division-1-2023/results/;['175']
ICELAND;ICELAND 2;2022;https://www.flashscore.com/football/iceland/division-1-2022/results/;['156']
ICELAND;ICELAND 2;2021;https://www.flashscore.com/football/iceland/division-1-2021/results/;['158']
ICELAND;ICELAND 3;2026;https://www.flashscore.com/football/iceland/division-2/results/;['185']
ICELAND;ICELAND 3;2025;https://www.flashscore.com/football/iceland/division-2-2025/results/;['182']
ICELAND;ICELAND 3;2024;https://www.flashscore.com/football/iceland/division-2-2024/results/;['177']
ICELAND;ICELAND 3;2023;https://www.flashscore.com/football/iceland/division-2-2023/results/;['175']
ICELAND;ICELAND 3;2022;https://www.flashscore.com/football/iceland/division-2-2022/results/;['156']
ICELAND;ICELAND 3;2021;https://www.flashscore.com/football/iceland/division-2-2021/results/;['158']
JAPAN;JAPAN 1;2026;https://www.flashscore.com/football/japan/j1-league/results/;[]
JAPAN;JAPAN 1;2025;https://www.flashscore.com/football/japan/j1-league-2025/results/;['182']
JAPAN;JAPAN 1;2024;https://www.flashscore.com/football/japan/j1-league-2024/results/;['177']
JAPAN;JAPAN 1;2023;https://www.flashscore.com/football/japan/j1-league-2023/results/;['175']
JAPAN;JAPAN 1;2022;https://www.flashscore.com/football/japan/j1-league-2022/results/;['156']
JAPAN;JAPAN 1;2021;https://www.flashscore.com/football/japan/j1-league-2021/results/;['158']
JAPAN;JAPAN 2;2025;https://www.flashscore.com/football/japan/j2-league-2025/results/;['182']
JAPAN;JAPAN 2;2024;https://www.flashscore.com/football/japan/j2-league-2024/results/;['177']
JAPAN;JAPAN 2;2023;https://www.flashscore.com/football/japan/j2-league-2023/results/;['175']
JAPAN;JAPAN 2;2022;https://www.flashscore.com/football/japan/j2-league-2022/results/;['156']
JAPAN;JAPAN 2;2021;https://www.flashscore.com/football/japan/j2-league-2021/results/;['158']
JAPAN;JAPAN 3;2025;https://www.flashscore.com/football/japan/j3-league-2025/results/;['182']
JAPAN;JAPAN 3;2024;https://www.flashscore.com/football/japan/j3-league-2024/results/;['177']
JAPAN;JAPAN 3;2023;https://www.flashscore.com/football/japan/j3-league-2023/results/;['175']
JAPAN;JAPAN 3;2022;https://www.flashscore.com/football/japan/j3-league-2022/results/;['156']
JAPAN;JAPAN 3;2021;https://www.flashscore.com/football/japan/j3-league-2021/results/;['158']
JAPAN;JAPAN 2;2026;https://www.flashscore.com/football/japan/j2-j3-league/results/;['185']
MEXICO;MEXICO 1;2025-2026;https://www.flashscore.com/football/mexico/liga-mx-2025-2026/results/;['187']
MEXICO;MEXICO 1;2024-2025;https://www.flashscore.com/football/mexico/liga-mx-2024-2025/results/;['184']
MEXICO;MEXICO 1;2023-2024;https://www.flashscore.com/football/mexico/liga-mx-2023-2024/results/;['183']
MEXICO;MEXICO 1;2022-2023;https://www.flashscore.com/football/mexico/liga-mx-2022-2023/results/;['176']
MEXICO;MEXICO 1;2021-2022;https://www.flashscore.com/football/mexico/liga-mx-2021-2022/results/;['172']
MEXICO;MEXICO 2;2025-2026;https://www.flashscore.com/football/mexico/liga-de-expansion-mx-2025-2026/results/;['187']
MEXICO;MEXICO 2;2024-2025;https://www.flashscore.com/football/mexico/liga-de-expansion-mx-2024-2025/results/;['184']
MEXICO;MEXICO 2;2023-2024;https://www.flashscore.com/football/mexico/liga-de-expansion-mx-2023-2024/results/;['183']
MEXICO;MEXICO 2;2022-2023;https://www.flashscore.com/football/mexico/liga-de-expansion-mx-2022-2023/results/;['176']
MEXICO;MEXICO 2;2021-2022;https://www.flashscore.com/football/mexico/liga-de-expansion-mx-2021-2022/results/;['172']
NETHERLANDS;NETHERLANDS 1;2025-2026;https://www.flashscore.com/football/netherlands/eredivisie-2025-2026/results/;['187']
NETHERLANDS;NETHERLANDS 1;2024-2025;https://www.flashscore.com/football/netherlands/eredivisie-2024-2025/results/;['184']
NETHERLANDS;NETHERLANDS 1;2023-2024;https://www.flashscore.com/football/netherlands/eredivisie-2023-2024/results/;['183']
NETHERLANDS;NETHERLANDS 1;2022-2023;https://www.flashscore.com/football/netherlands/eredivisie-2022-2023/results/;['176']
NETHERLANDS;NETHERLANDS 1;2021-2022;https://www.flashscore.com/football/netherlands/eredivisie-2021-2022/results/;['172']
NETHERLANDS;NETHERLANDS 2;2025-2026;https://www.flashscore.com/football/netherlands/eerste-divisie-2025-2026/results/;['187']
NETHERLANDS;NETHERLANDS 2;2024-2025;https://www.flashscore.com/football/netherlands/eerste-divisie-2024-2025/results/;['184']
NETHERLANDS;NETHERLANDS 2;2023-2024;https://www.flashscore.com/football/netherlands/eerste-divisie-2023-2024/results/;['183']
NETHERLANDS;NETHERLANDS 2;2022-2023;https://www.flashscore.com/football/netherlands/eerste-divisie-2022-2023/results/;['176']
NETHERLANDS;NETHERLANDS 2;2021-2022;https://www.flashscore.com/football/netherlands/eerste-divisie-2021-2022/results/;['172']
NETHERLANDS;NETHERLANDS 3;2025-2026;https://www.flashscore.com/football/netherlands/tweede-divisie-2025-2026/results/;['187']
NETHERLANDS;NETHERLANDS 3;2024-2025;https://www.flashscore.com/football/netherlands/tweede-divisie-2024-2025/results/;['184']
NETHERLANDS;NETHERLANDS 3;2023-2024;https://www.flashscore.com/football/netherlands/tweede-divisie-2023-2024/results/;['183']
NETHERLANDS;NETHERLANDS 3;2022-2023;https://www.flashscore.com/football/netherlands/tweede-divisie-2022-2023/results/;['176']
NETHERLANDS;NETHERLANDS 3;2021-2022;https://www.flashscore.com/football/netherlands/tweede-divisie-2021-2022/results/;['172']
PORTUGAL;PORTUGAL 1;2025-2026;https://www.flashscore.com/football/portugal/liga-portugal-2025-2026/results/;['187']
PORTUGAL;PORTUGAL 1;2024-2025;https://www.flashscore.com/football/portugal/liga-portugal-2024-2025/results/;['184']
PORTUGAL;PORTUGAL 1;2023-2024;https://www.flashscore.com/football/portugal/liga-portugal-2023-2024/results/;['183']
PORTUGAL;PORTUGAL 1;2022-2023;https://www.flashscore.com/football/portugal/liga-portugal-2022-2023/results/;['176']
PORTUGAL;PORTUGAL 1;2021-2022;https://www.flashscore.com/football/portugal/liga-portugal-2021-2022/results/;['172']
PORTUGAL;PORTUGAL 2;2025-2026;https://www.flashscore.com/football/portugal/liga-portugal-2-2025-2026/results/;['187']
PORTUGAL;PORTUGAL 2;2024-2025;https://www.flashscore.com/football/portugal/liga-portugal-2-2024-2025/results/;['184']
PORTUGAL;PORTUGAL 2;2023-2024;https://www.flashscore.com/football/portugal/liga-portugal-2-2023-2024/results/;['183']
PORTUGAL;PORTUGAL 2;2022-2023;https://www.flashscore.com/football/portugal/liga-portugal-2-2022-2023/results/;['176']
PORTUGAL;PORTUGAL 2;2021-2022;https://www.flashscore.com/football/portugal/liga-portugal-2-2021-2022/results/;['172']
PORTUGAL;PORTUGAL 3;2025-2026;https://www.flashscore.com/football/portugal/liga-3-2025-2026/results/;['187']
PORTUGAL;PORTUGAL 3;2024-2025;https://www.flashscore.com/football/portugal/liga-3-2024-2025/results/;['184']
PORTUGAL;PORTUGAL 3;2023-2024;https://www.flashscore.com/football/portugal/liga-3-2023-2024/results/;['183']
PORTUGAL;PORTUGAL 3;2022-2023;https://www.flashscore.com/football/portugal/liga-3-2022-2023/results/;['176']
PORTUGAL;PORTUGAL 3;2021-2022;https://www.flashscore.com/football/portugal/liga-3-2021-2022/results/;['172']