Match_ID,Country,Season,Div,League,Date,Time,Round,Home,Home_ID,Away,Away_ID,Neutral_Location,Home_Score,Away_Score,LegMatch,First_Leg_Home_Score,First_Leg_Away_Score,Agg_Home_Score,Agg_Away_Score,Min_Goals_Home,Min_Goals_Away,Bookie_1X2_HT,Odd_1_HT,Odd_X_HT,Odd_2_HT,Bookie_1X2_2T,Odd_1_2T,Odd_X_2T,Odd_2_2T,Bookie_1X2_FT,Odd_1_FT,Odd_X_FT,Odd_2_FT,Bookie_OU_HT_0_5,Over_HT_0_5,Under_HT_0_5,Bookie_OU_HT_1_5,Over_HT_1_5,Under_HT_1_5,Bookie_OU_HT_2_5,Over_HT_2_5,Under_HT_2_5,Bookie_OU_2T_0_5,Over_2T_0_5,Under_2T_0_5,Bookie_OU_2T_1_5,Over_2T_1_5,Under_2T_1_5,Bookie_OU_2T_2_5,Over_2T_2_5,Under_2T_2_5,Bookie_OU_FT_0_5,Over_FT_0_5,Under_FT_0_5,Bookie_OU_FT_1_5,Over_FT_1_5,Under_FT_1_5,Bookie_OU_FT_2_5,Over_FT_2_5,Under_FT_2_5,Bookie_OU_FT_3_5,Over_FT_3_5,Under_FT_3_5,Bookie_OU_FT_4_5,Over_FT_4_5,Under_FT_4_5,Bookie_BTTS,BTTS_Yes,BTTS_No,Bookie_BTTS_HT,BTTS_Yes_HT,BTTS_No_HT,Bookie_BTTS_2T,BTTS_Yes_2T,BTTS_No_2T,Bookie_DC,DC_1X,DC_12,DC_X2,Bookie_DC_HT,DC_1X_HT,DC_12_HT,DC_X2_HT,Bookie_DC_2T,DC_1X_2T,DC_12_2T,DC_X2_2T,Bookie_DNB_FT,DNB_Home_FT,DNB_Away_FT,Bookie_DNB_HT,DNB_Home_HT,DNB_Away_HT,Bookie_DNB_2T,DNB_Home_2T,DNB_Away_2T,Bookie_HT_FT,HT_FT_1_1,HT_FT_1_X,HT_FT_1_2,HT_FT_X_1,HT_FT_X_X,HT_FT_X_2,HT_FT_2_1,HT_FT_2_X,HT_FT_2_2,Bookie_OE_FT,OE_Odd_FT,OE_Even_FT,Bookie_OE_HT,OE_Odd_HT,OE_Even_HT,Bookie_OE_2T,OE_Odd_2T,OE_Even_2T,Bookie_CS_0_0,CS_0_0,Bookie_CS_1_0,CS_1_0,Bookie_CS_0_1,CS_0_1,Bookie_CS_1_1,CS_1_1,Bookie_CS_2_0,CS_2_0,Bookie_CS_0_2,CS_0_2,Bookie_CS_2_1,CS_2_1,Bookie_CS_1_2,CS_1_2,Bookie_CS_2_2,CS_2_2,Bookie_CS_3_0,CS_3_0,Bookie_CS_0_3,CS_0_3,Bookie_CS_3_1,CS_3_1,Bookie_CS_1_3,CS_1_3,Bookie_CS_3_2,CS_3_2,Bookie_CS_2_3,CS_2_3,Bookie_AH_neg_2_5,AH_Home_neg_2_5,AH_Away_neg_2_5,Bookie_AH_neg_2_0,AH_Home_neg_2_0,AH_Away_neg_2_0,Bookie_AH_neg_1_5,AH_Home_neg_1_5,AH_Away_neg_1_5,Bookie_AH_neg_1_0,AH_Home_neg_1_0,AH_Away_neg_1_0,Bookie_AH_neg_0_5,AH_Home_neg_0_5,AH_Away_neg_0_5,Bookie_AH_pos_0_5,AH_Home_pos_0_5,AH_Away_pos_0_5,Bookie_AH_pos_1_0,AH_Home_pos_1_0,AH_Away_pos_1_0,Bookie_AH_pos_1_5,AH_Home_pos_1_5,AH_Away_pos_1_5,Bookie_AH_pos_2_0,AH_Home_pos_2_0,AH_Away_pos_2_0,Bookie_AH_pos_2_5,AH_Home_pos_2_5,AH_Away_pos_2_5,Bookie_EH_neg_3,EH_Home_neg_3,EH_Draw_neg_3,EH_Away_neg_3,Bookie_EH_neg_2,EH_Home_neg_2,EH_Draw_neg_2,EH_Away_neg_2,Bookie_EH_neg_1,EH_Home_neg_1,EH_Draw_neg_1,EH_Away_neg_1,Bookie_EH_pos_1,EH_Home_pos_1,EH_Draw_pos_1,EH_Away_pos_1,Bookie_EH_pos_2,EH_Home_pos_2,EH_Draw_pos_2,EH_Away_pos_2,Bookie_EH_pos_3,EH_Home_pos_3,EH_Draw_pos_3,EH_Away_pos_3,xG_Home_FT,xG_Away_FT,xGOT_Home_FT,xGOT_Away_FT,xA_Home_FT,xA_Away_FT,xGOT_Faced_Home_FT,xGOT_Faced_Away_FT,Goals_Prevented_Home_FT,Goals_Prevented_Away_FT,Possession_Home_FT,Possession_Away_FT,Passes_Pct_Home_FT,Passes_Pct_Away_FT,Long_Passes_Pct_Home_FT,Long_Passes_Pct_Away_FT,Passes_Final_Third_Pct_Home_FT,Passes_Final_Third_Pct_Away_FT,Through_Passes_Home_FT,Through_Passes_Away_FT,Crosses_Pct_Home_FT,Crosses_Pct_Away_FT,Total_Shots_Home_FT,Total_Shots_Away_FT,Shots_On_Target_Home_FT,Shots_On_Target_Away_FT,Shots_Off_Target_Home_FT,Shots_Off_Target_Away_FT,Blocked_Shots_Home_FT,Blocked_Shots_Away_FT,Shots_Inside_Box_Home_FT,Shots_Inside_Box_Away_FT,Shots_Outside_Box_Home_FT,Shots_Outside_Box_Away_FT,Big_Chances_Home_FT,Big_Chances_Away_FT,Hit_Woodwork_Home_FT,Hit_Woodwork_Away_FT,Touches_Box_Home_FT,Touches_Box_Away_FT,Corners_Home_FT,Corners_Away_FT,Free_Kicks_Home_FT,Free_Kicks_Away_FT,Throw_Ins_Home_FT,Throw_Ins_Away_FT,Fouls_Home_FT,Fouls_Away_FT,Yellow_Cards_Home_FT,Yellow_Cards_Away_FT,Red_Cards_Home_FT,Red_Cards_Away_FT,Offsides_Home_FT,Offsides_Away_FT,Goalkeeper_Saves_Home_FT,Goalkeeper_Saves_Away_FT,Tackles_Pct_Home_FT,Tackles_Pct_Away_FT,Duels_Won_Home_FT,Duels_Won_Away_FT,Clearances_Home_FT,Clearances_Away_FT,Interceptions_Home_FT,Interceptions_Away_FT,Errors_Shot_Home_FT,Errors_Shot_Away_FT,Errors_Goal_Home_FT,Errors_Goal_Away_FT,xG_Home_HT,xG_Away_HT,xGOT_Home_HT,xGOT_Away_HT,xA_Home_HT,xA_Away_HT,xGOT_Faced_Home_HT,xGOT_Faced_Away_HT,Goals_Prevented_Home_HT,Goals_Prevented_Away_HT,Possession_Home_HT,Possession_Away_HT,Passes_Pct_Home_HT,Passes_Pct_Away_HT,Long_Passes_Pct_Home_HT,Long_Passes_Pct_Away_HT,Passes_Final_Third_Pct_Home_HT,Passes_Final_Third_Pct_Away_HT,Through_Passes_Home_HT,Through_Passes_Away_HT,Crosses_Pct_Home_HT,Crosses_Pct_Away_HT,Total_Shots_Home_HT,Total_Shots_Away_HT,Shots_On_Target_Home_HT,Shots_On_Target_Away_HT,Shots_Off_Target_Home_HT,Shots_Off_Target_Away_HT,Blocked_Shots_Home_HT,Blocked_Shots_Away_HT,Shots_Inside_Box_Home_HT,Shots_Inside_Box_Away_HT,Shots_Outside_Box_Home_HT,Shots_Outside_Box_Away_HT,Big_Chances_Home_HT,Big_Chances_Away_HT,Hit_Woodwork_Home_HT,Hit_Woodwork_Away_HT,Touches_Box_Home_HT,Touches_Box_Away_HT,Corners_Home_HT,Corners_Away_HT,Free_Kicks_Home_HT,Free_Kicks_Away_HT,Throw_Ins_Home_HT,Throw_Ins_Away_HT,Fouls_Home_HT,Fouls_Away_HT,Yellow_Cards_Home_HT,Yellow_Cards_Away_HT,Red_Cards_Home_HT,Red_Cards_Away_HT,Offsides_Home_HT,Offsides_Away_HT,Goalkeeper_Saves_Home_HT,Goalkeeper_Saves_Away_HT,Tackles_Pct_Home_HT,Tackles_Pct_Away_HT,Duels_Won_Home_HT,Duels_Won_Away_HT,Clearances_Home_HT,Clearances_Away_HT,Interceptions_Home_HT,Interceptions_Away_HT,Errors_Shot_Home_HT,Errors_Shot_Away_HT,Errors_Goal_Home_HT,Errors_Goal_Away_HT,xG_Home_2T,xG_Away_2T,xGOT_Home_2T,xGOT_Away_2T,xA_Home_2T,xA_Away_2T,xGOT_Faced_Home_2T,xGOT_Faced_Away_2T,Goals_Prevented_Home_2T,Goals_Prevented_Away_2T,Possession_Home_2T,Possession_Away_2T,Passes_Pct_Home_2T,Passes_Pct_Away_2T,Long_Passes_Pct_Home_2T,Long_Passes_Pct_Away_2T,Passes_Final_Third_Pct_Home_2T,Passes_Final_Third_Pct_Away_2T,Through_Passes_Home_2T,Through_Passes_Away_2T,Crosses_Pct_Home_2T,Crosses_Pct_Away_2T,Total_Shots_Home_2T,Total_Shots_Away_2T,Shots_On_Target_Home_2T,Shots_On_Target_Away_2T,Shots_Off_Target_Home_2T,Shots_Off_Target_Away_2T,Blocked_Shots_Home_2T,Blocked_Shots_Away_2T,Shots_Inside_Box_Home_2T,Shots_Inside_Box_Away_2T,Shots_Outside_Box_Home_2T,Shots_Outside_Box_Away_2T,Big_Chances_Home_2T,Big_Chances_Away_2T,Hit_Woodwork_Home_2T,Hit_Woodwork_Away_2T,Touches_Box_Home_2T,Touches_Box_Away_2T,Corners_Home_2T,Corners_Away_2T,Free_Kicks_Home_2T,Free_Kicks_Away_2T,Throw_Ins_Home_2T,Throw_Ins_Away_2T,Fouls_Home_2T,Fouls_Away_2T,Yellow_Cards_Home_2T,Yellow_Cards_Away_2T,Red_Cards_Home_2T,Red_Cards_Away_2T,Offsides_Home_2T,Offsides_Away_2T,Goalkeeper_Saves_Home_2T,Goalkeeper_Saves_Away_2T,Tackles_Pct_Home_2T,Tackles_Pct_Away_2T,Duels_Won_Home_2T,Duels_Won_Away_2T,Clearances_Home_2T,Clearances_Away_2T,Interceptions_Home_2T,Interceptions_Away_2T,Errors_Shot_Home_2T,Errors_Shot_Away_2T,Errors_Goal_Home_2T,Errors_Goal_Away_2T
0tQCncBS,AZERBAIJAN,2023-2024,AZERBAIJAN CUP,AZERBAIJAN CUP,18/12/2023,,1/8-finals,Kapaz,hEojvsib,Sabah Baku,fNGcxbyr,False,3,4,,,,,,"[35, 44, 76]","[14, 23, 40, 89]",Betfair,6.0,2.1,2.1,Betano.br,5.7,2.6,1.85,Betfair,5.5,3.9,1.44,Betano.br,1.4,2.42,,0.0,0.0,,0.0,0.0,,0.0,0.0,,0.0,0.0,,0.0,0.0,Betfair,1.03,9.0,Betfair,1.3,3.2,Betfair,2.0,1.73,Betfair,3.8,1.22,Betfair,7.5,1.06,Betfair,2.2,1.6,,0.0,0.0,,0.0,0.0,Betano.br,2.45,1.22,1.12,Betano.br,1.6,1.57,1.13,,0.0,0.0,0.0,Betano.br,3.85,1.18,Betano.br,3.45,1.27,Betano.br,3.7,1.25,Betfair,11.0,15.0,21.0,12.0,5.5,3.75,61.0,15.0,2.3,Betano.br,1.83,1.8,,0.0,0.0,,0.0,0.0,Betfair,9.0,Betfair,13.0,Betfair,5.0,Betfair,7.0,Betfair,26.0,Betfair,5.5,Betfair,15.0,Betfair,7.0,Betfair,17.0,Betfair,76.0,Betfair,9.0,Betfair,67.0,Betfair,12.0,Betfair,67.0,Betfair,26.0,,0.0,0.0,,0.0,0.0,,0.0,0.0,,0.0,0.0,,0.0,0.0,,0.0,0.0,Betano.br,1.78,1.82,,0.0,0.0,,0.0,0.0,,0,0,,0.0,0.0,0.0,,0.0,0.0,0.0,,0.0,0.0,0.0,,0.0,0.0,0.0,,0.0,0.0,0.0,,0.0,0,0.0,,,,,,,,,,,,,,,,,,,,,,,,,,,,,,,,,,,,,,,,,,,,,,,,,,,,,,,,,,,,,,,,,,,,,,,,,,,,,,,,,,,,,,,,,,,,,,,,,,,,,,,,,,,,,,,,,,,,,,,,,,,,,,,,,,,,,,,,,,,,,,,,,,,,,,,,,,,,,,,,,,,,,,,,,,,,,,,,,,,,,,,,,,,,,,,,,,,,,,,,,,,,
ni32mXdF,AZERBAIJAN,2023-2024,AZERBAIJAN CUP,AZERBAIJAN CUP,19/12/2023,,1/8-finals,Iravan,COrGwORD,Araz,bX7WY3J3,False,2,8,,,,,,"[16, 37]","[24, 25, 43, 45, 51, 73, 80, 83]",Betfair,8.5,2.5,1.67,Betano.br,10.5,3.45,1.4,Betfair,10.0,5.5,1.2,,0.0,0.0,Novibet,2.4,1.49,,0.0,0.0,,0.0,0.0,,0.0,0.0,,0.0,0.0,Betfair,1.01,13.0,Betfair,1.17,4.5,Betfair,1.6,2.2,Betfair,2.75,1.4,Betfair,4.8,1.14,Betfair,2.2,1.6,,0.0,0.0,,0.0,0.0,Betano.br,4.7,1.1,1.04,Betano.br,2.07,1.38,1.06,,0.0,0.0,0.0,Novibet,7.3,1.06,Betano.br,6.0,1.09,Betano.br,6.9,1.08,Betfair,15.0,21.0,19.0,18.0,8.0,3.75,81.0,21.0,1.8,Novibet,1.88,1.85,Novibet,2.01,1.73,Novibet,1.96,1.78,Betfair,13.0,Betfair,21.0,Betfair,6.0,Betfair,10.0,Betfair,67.0,Betfair,5.5,Betfair,26.0,Betfair,7.5,Betfair,21.0,Betfair,101.0,Betfair,6.5,Betfair,81.0,Betfair,9.5,Betfair,76.0,Betfair,21.0,,0.0,0.0,,0.0,0.0,,0.0,0.0,,0.0,0.0,,0.0,0.0,,0.0,0.0,,0.0,0.0,Betano.br,1.87,1.75,Betano.br,1.8,1.8,,0,0,,0.0,0.0,0.0,Novibet,0.0,0.0,2.9,,0.0,0.0,0.0,,0.0,0.0,0.0,Novibet,1.92,4.05,0.0,,0.0,0,0.0,,,,,,,,,,,,,,,,,,,,,,,,,,,,,,,,,,,,,,,,,,,,,,,,,,,,,,,,,,,,,,,,,,,,,,,,,,,,,,,,,,,,,,,,,,,,,,,,,,,,,,,,,,,,,,,,,,,,,,,,,,,,,,,,,,,,,,,,,,,,,,,,,,,,,,,,,,,,,,,,,,,,,,,,,,,,,,,,,,,,,,,,,,,,,,,,,,,,,,,,,,,,
rFlU91xS,AZERBAIJAN,2023-2024,AZERBAIJAN CUP,AZERBAIJAN CUP,21/12/2023,,1/8-finals,Qarabag,roZLzxyp,MOIK Baku,Qgd3eSin,False,1,0,,,,,,[90],[],Betfair,1.3,3.75,13.0,Betano.br,1.21,5.0,14.0,Betfair,1.03,11.0,23.0,,0.0,0.0,Betano.br,1.65,1.91,,0.0,0.0,,0.0,0.0,,0.0,0.0,,0.0,0.0,Betfair,1.0,19.0,Betfair,1.03,9.0,Betfair,1.17,4.5,Betfair,1.57,2.25,Betfair,2.25,1.57,Betfair,2.15,1.6,,0.0,0.0,,0.0,0.0,Betano.br,1.02,1.04,8.75,Betano.br,1.04,1.21,2.75,,0.0,0.0,0.0,Novibet,1.03,9.2,Betano.br,1.05,8.0,Betano.br,1.04,9.5,Betfair,1.3,41.0,126.0,4.5,17.0,51.0,20.0,51.0,46.0,Novibet,1.87,1.86,Novibet,1.93,1.8,Novibet,1.9,1.83,Betfair,46.0,Betfair,12.0,Betfair,76.0,Betfair,21.0,Betfair,7.0,Betfair,101.0,Betfair,11.0,Betfair,67.0,Betfair,36.0,Betfair,6.0,Betfair,101.0,Betfair,9.0,Betfair,101.0,Betfair,23.0,Betfair,101.0,Betano.br,1.82,1.78,Betano.br,1.78,1.83,Betano.br,1.8,1.8,Betano.br,1.75,1.87,Betano.br,1.72,1.9,,0.0,0.0,,0.0,0.0,,0.0,0.0,,0.0,0.0,,0,0,,0.0,0.0,0.0,Novibet,1.99,4.25,0.0,Novibet,1.87,3.7,0.0,Novibet,0.0,0.0,3.25,Novibet,0.0,0.0,2.65,,0.0,0,0.0,,,,,,,,,,,,,,,,,,,,,,,,,,,,,,,,,,,,,,,,,,,,,,,,,,,,,,,,,,,,,,,,,,,,,,,,,,,,,,,,,,,,,,,,,,,,,,,,,,,,,,,,,,,,,,,,,,,,,,,,,,,,,,,,,,,,,,,,,,,,,,,,,,,,,,,,,,,,,,,,,,,,,,,,,,,,,,,,,,,,,,,,,,,,,,,,,,,,,,,,,,,,
pjiP0wCs,AZERBAIJAN,2023-2024,AZERBAIJAN CUP,AZERBAIJAN CUP,08/02/2024,,Quarter-finals,Zira,2THbpl8q,Sabail,4CQ5BXNJ,False,3,0,2.0,2.0,1.0,5.0,1.0,"[4, 42, 74]",[],Betfair,4.5,2.1,2.4,Betano.br,4.0,2.52,2.2,Betfair,4.0,3.3,1.75,Betano.br,1.38,2.45,,0.0,0.0,,0.0,0.0,,0.0,0.0,,0.0,0.0,,0.0,0.0,Betfair,1.03,9.0,Betfair,1.29,3.3,Betfair,1.91,1.8,Betfair,3.3,1.29,Betfair,7.0,1.07,Betfair,1.85,1.85,,0.0,0.0,,0.0,0.0,Betano.br,1.91,1.26,1.22,Betano.br,1.45,1.6,1.19,,0.0,0.0,0.0,Betano.br,2.7,1.35,Betano.br,2.6,1.44,Betano.br,2.62,1.45,Betfair,2.88,13.0,34.0,4.5,5.0,8.5,20.0,13.0,7.0,Betano.br,1.85,1.8,,0.0,0.0,,0.0,0.0,Betfair,9.0,Betfair,6.5,Betfair,11.0,Betfair,6.5,Betfair,7.5,Betfair,17.0,Betfair,7.5,Betfair,12.0,Betfair,13.0,Betfair,12.0,Betfair,46.0,Betfair,13.0,Betfair,31.0,Betfair,21.0,Betfair,34.0,,0.0,0.0,,0.0,0.0,,0.0,0.0,,0.0,0.0,,0.0,0.0,Betano.br,1.85,1.75,,0.0,0.0,,0.0,0.0,,0.0,0.0,,0,0,,0.0,0.0,0.0,,0.0,0.0,0.0,,0.0,0.0,0.0,,0.0,0.0,0.0,,0.0,0.0,0.0,,0.0,0,0.0,,,,,,,,,,,,,,,,,,,,,,,,,,,,,,,,,,,,,,,,,,,,,,,,,3.0,1.0,,,,,,,,,,,,,,,,,,,,,,,,,,,,,,,,,,,,,,,,,,,,,,,,,,,,,,,,,,,,,,,,,,,2.0,0.0,,,,,,,,,,,,,,,,,,,,,,,,,,,,,,,,,,,,,,,,,,,,,,,,,,,,,,,,,,,,,,,,,,,1.0,1.0,,,,,,,,,,,,,,,,,,
Gvg0J7vb,AZERBAIJAN,2023-2024,AZERBAIJAN CUP,AZERBAIJAN CUP,30/01/2024,,Quarter-finals,Sabah Baku,Qgd3eSin,Qarabag,fNGcxbyr,False,1,7,1.0,,,,,[63],"[20, 28, 45, 55, 77, 87, 90]",Betfair,5.5,2.1,2.1,Betano.br,5.6,2.82,1.75,Betfair,5.0,3.75,1.53,Novibet,1.39,2.75,Novibet,2.55,1.44,,0.0,0.0,,0.0,0.0,,0.0,0.0,,0.0,0.0,Betfair,1.02,10.0,Betfair,1.25,3.6,Betfair,1.85,1.85,Betfair,3.3,1.29,Betfair,6.5,1.08,Betfair,1.95,1.75,,0.0,0.0,,0.0,0.0,Betano.br,2.65,1.19,1.12,Novibet,1.74,1.55,1.15,,0.0,0.0,0.0,Novibet,4.3,1.17,Betano.br,3.6,1.25,Betano.br,3.8,1.24,Betfair,9.5,15.0,18.0,11.0,6.0,4.0,46.0,15.0,2.4,Novibet,1.86,1.87,Novibet,2.02,1.73,Novibet,1.93,1.81,Betfair,10.0,Betfair,13.0,Betfair,5.5,Betfair,7.0,Betfair,26.0,Betfair,6.5,Betfair,15.0,Betfair,7.0,Betfair,15.0,Betfair,67.0,Betfair,10.0,Betfair,51.0,Betfair,11.0,Betfair,61.0,Betfair,21.0,,0.0,0.0,,0.0,0.0,,0.0,0.0,,0.0,0.0,,0.0,0.0,Betano.br,1.78,1.82,Betano.br,1.88,1.72,,0.0,0.0,,0.0,0.0,,0,0,,0.0,0.0,0.0,,0.0,0.0,0.0,Novibet,0.0,0.0,2.25,Novibet,2.6,3.6,0.0,,0.0,0.0,0.0,,0.0,0,0.0,,,,,,,,,,,,,,,,,,,,,,,,,,,,,,,,,,,,,,,,,,,,,,,,,1.0,1.0,,,,,,,,,,,,,,,,,,,,,,,,,,,,,,,,,,,,,,,,,,,,,,,,,,,,,,,,,,,,,,,,,,,0.0,1.0,,,,,,,,,,,,,,,,,,,,,,,,,,,,,,,,,,,,,,,,,,,,,,,,,,,,,,,,,,,,,,,,,,,1.0,0.0,,,,,,,,,,,,,,,,,,
f5nmZ1M3,AZERBAIJAN,2023-2024,AZERBAIJAN CUP,AZERBAIJAN CUP,03/04/2024,,Semi-finals,Zira,n3cad8xt,Gabala,4CQ5BXNJ,False,2,1,1.0,,,,,"[51, 68]",[90],Betfair,2.1,2.1,6.0,Betano.br,1.9,2.5,5.9,Betfair,1.44,3.75,6.0,Betano.br,1.44,2.3,,0.0,0.0,,0.0,0.0,,0.0,0.0,,0.0,0.0,,0.0,0.0,Betfair,1.03,9.0,Betfair,1.33,3.0,Betfair,2.1,1.65,Betfair,4.0,1.2,Betfair,8.0,1.05,Betfair,2.2,1.6,,0.0,0.0,,0.0,0.0,Betano.br,1.12,1.24,2.4,Betano.br,1.12,1.62,1.57,,0.0,0.0,0.0,Betano.br,1.17,3.9,Betano.br,1.26,3.45,Betano.br,1.25,3.75,Betfair,2.38,15.0,51.0,3.75,5.5,12.0,21.0,15.0,10.0,Betano.br,1.85,1.8,,0.0,0.0,,0.0,0.0,Betfair,8.5,Betfair,5.0,Betfair,12.0,Betfair,7.0,Betfair,6.0,Betfair,26.0,Betfair,7.5,Betfair,17.0,Betfair,17.0,Betfair,9.0,Betfair,76.0,Betfair,12.0,Betfair,67.0,Betfair,29.0,Betfair,76.0,,0.0,0.0,,0.0,0.0,,0.0,0.0,Betano.br,1.87,1.75,,0.0,0.0,,0.0,0.0,,0.0,0.0,,0.0,0.0,,0.0,0.0,,0,0,,0.0,0.0,0.0,,0.0,0.0,0.0,,0.0,0.0,0.0,,0.0,0.0,0.0,,0.0,0.0,0.0,,0.0,0,0.0,,,,,,,,,,,,,,,,,,,,,,,,,,,,,,,,,,,,,,,,,,,,,,,,,0.0,3.0,,,,,,,,,,,,,,,,,,,,,,,,,,,,,,,,,,,,,,,,,,,,,,,,,,,,,,,,,,,,,,,,,,,0.0,2.0,,,,,,,,,,,,,,,,,,,,,,,,,,,,,,,,,,,,,,,,,,,,,,,,,,,,,,,,,,,,,,,,,,,0.0,1.0,,,,,,,,,,,,,,,,,,
4MOfTahO,AZERBAIJAN,2023-2024,AZERBAIJAN CUP,AZERBAIJAN CUP,31/01/2024,,Quarter-finals,Araz,COrGwORD,Gabala,n3cad8xt,False,1,1,1.0,,,,,[45],[11],Betfair,3.75,1.91,3.1,Novibet,3.35,2.35,2.6,Betfair,3.0,3.1,2.15,Novibet,1.46,2.5,,0.0,0.0,,0.0,0.0,,0.0,0.0,,0.0,0.0,,0.0,0.0,Betfair,1.06,7.5,Betfair,1.36,2.88,Betfair,2.25,1.57,Betfair,4.5,1.17,Betfair,9.0,1.03,Betfair,1.95,1.75,,0.0,0.0,,0.0,0.0,Novibet,1.59,1.3,1.35,Novibet,1.39,1.73,1.27,,0.0,0.0,0.0,Novibet,2.2,1.6,Novibet,2.1,1.65,Novibet,2.1,1.65,Betfair,5.0,13.0,23.0,6.5,4.5,5.0,26.0,13.0,3.75,Novibet,1.88,1.85,Novibet,2.1,1.67,Novibet,1.99,1.75,Betfair,7.0,Betfair,7.5,Betfair,6.0,Betfair,5.5,Betfair,13.0,Betfair,9.0,Betfair,10.0,Betfair,8.5,Betfair,13.0,Betfair,26.0,Betfair,19.0,Betfair,23.0,Betfair,17.0,Betfair,36.0,Betfair,31.0,,0.0,0.0,,0.0,0.0,,0.0,0.0,,0.0,0.0,Betano.br,1.91,1.7,,0.0,0.0,,0.0,0.0,,0.0,0.0,,0.0,0.0,,0,0,,0.0,0.0,0.0,,0.0,0.0,0.0,,0.0,0.0,0.0,,0.0,0.0,0.0,,0.0,0.0,0.0,,0.0,0,0.0,,,,,,,,,,,,,,,,,,,,,,,,,,,,,,,,,,,,,,,,,,,,,,,,,1.0,2.0,0.0,1.0,,,,,,,,,,,,,,,,,,,,,,,,,,,,,,,,,,,,,,,,,,,,,,,,,,,,,,,,,,,,,,,,,0.0,2.0,,,,,,,,,,,,,,,,,,,,,,,,,,,,,,,,,,,,,,,,,,,,,,,,,,,,,,,,,,,,,,,,,,,1.0,0.0,0.0,1.0,,,,,,,,,,,,,,,,
GdSbSJ7U,AZERBAIJAN,2023-2024,AZERBAIJAN CUP,AZERBAIJAN CUP,09/02/2024,,Quarter-finals,Gabala,COrGwORD,Araz,n3cad8xt,False,2,0,2.0,1.0,1.0,3.0,1.0,"[39, 42]",[],Betfair,3.3,1.91,3.6,Betano.br,2.95,2.3,3.05,Betfair,2.5,2.88,2.63,Betano.br,1.47,2.2,,0.0,0.0,,0.0,0.0,,0.0,0.0,,0.0,0.0,,0.0,0.0,Betfair,1.06,7.5,Betfair,1.36,2.88,Betfair,2.25,1.57,Betfair,4.5,1.17,Betfair,9.0,1.03,Betfair,1.95,1.73,,0.0,0.0,,0.0,0.0,Betano.br,1.44,1.33,1.5,Betano.br,1.26,1.72,1.29,,0.0,0.0,0.0,Betano.br,1.75,1.87,Betano.br,1.78,1.93,Betano.br,1.83,1.91,Betfair,4.5,13.0,26.0,6.0,4.5,5.5,26.0,13.0,4.2,Betano.br,1.85,1.78,,0.0,0.0,,0.0,0.0,Betfair,7.0,Betfair,7.0,Betfair,6.5,Betfair,5.5,Betfair,11.0,Betfair,9.5,Betfair,9.5,Betfair,9.0,Betfair,13.0,Betfair,23.0,Betfair,21.0,Betfair,21.0,Betfair,19.0,Betfair,36.0,Betfair,34.0,,0.0,0.0,,0.0,0.0,,0.0,0.0,,0.0,0.0,,0.0,0.0,,0.0,0.0,,0.0,0.0,,0.0,0.0,,0.0,0.0,,0,0,,0.0,0.0,0.0,,0.0,0.0,0.0,,0.0,0.0,0.0,,0.0,0.0,0.0,,0.0,0.0,0.0,,0.0,0,0.0,,,,,,,,,,,,,,,,,,,,,,,,,,,,,,,,,,,,,,,,,,,,,,,,,3.0,4.0,,,,,,,,,,,,,,,,,,,,,,,,,,,,,,,,,,,,,,,,,,,,,,,,,,,,,,,,,,,,,,,,,,,1.0,2.0,,,,,,,,,,,,,,,,,,,,,,,,,,,,,,,,,,,,,,,,,,,,,,,,,,,,,,,,,,,,,,,,,,,2.0,2.0,,,,,,,,,,,,,,,,,,
KjrPSIBp,AZERBAIJAN,2023-2024,AZERBAIJAN CUP,AZERBAIJAN CUP,02/04/2024,,Semi-finals,Neftci Baku,d0eNnarc,Qarabag,Qgd3eSin,False,0,4,1.0,,,,,[],"[14, 29, 38, 86]",Betfair,5.0,2.25,2.1,Betano.br,5.4,2.82,1.78,Betfair,5.0,3.9,1.47,,0.0,0.0,Betano.br,2.3,1.44,,0.0,0.0,,0.0,0.0,,0.0,0.0,,0.0,0.0,Betfair,1.01,11.0,Betfair,1.2,4.0,Betfair,1.73,2.0,Betfair,2.88,1.36,Betfair,5.5,1.11,Betfair,1.8,1.87,,0.0,0.0,,0.0,0.0,Betano.br,2.55,1.2,1.12,Betano.br,1.62,1.52,1.14,,0.0,0.0,0.0,Betano.br,3.95,1.17,Betano.br,3.4,1.27,Betano.br,3.7,1.25,Betfair,9.0,15.0,17.0,11.0,6.0,4.0,41.0,14.0,2.4,Betano.br,1.83,1.8,,0.0,0.0,,0.0,0.0,Betfair,11.0,Betfair,13.0,Betfair,6.5,Betfair,7.0,Betfair,23.0,Betfair,6.5,Betfair,15.0,Betfair,7.0,Betfair,15.0,Betfair,67.0,Betfair,9.5,Betfair,46.0,Betfair,11.0,Betfair,46.0,Betfair,19.0,,0.0,0.0,,0.0,0.0,,0.0,0.0,,0.0,0.0,,0.0,0.0,,0.0,0.0,Betano.br,1.88,1.72,,0.0,0.0,,0.0,0.0,,0,0,,0.0,0.0,0.0,,0.0,0.0,0.0,,0.0,0.0,0.0,,0.0,0.0,0.0,,0.0,0.0,0.0,,0.0,0,0.0,,,,,,,,,,,0.34,0.66,,,,,,,,,,,9.0,17.0,3.0,7.0,6.0,10.0,,,,,,,,,,,,,2.0,4.0,,,,,,,4.0,2.0,,,,,3.0,3.0,,,,,,,,,,,,,,,,,,,,,,,0.35,0.65,,,,,,,,,,,5.0,9.0,2.0,5.0,3.0,4.0,,,,,,,,,,,,,1.0,1.0,,,,,,,2.0,1.0,,,,,2.0,2.0,,,,,,,,,,,,,,,,,,,,,,,0.33,0.67,,,,,,,,,,,4.0,8.0,1.0,2.0,3.0,6.0,,,,,,,,,,,,,1.0,3.0,,,,,,,2.0,1.0,,,,,1.0,1.0,,,,,,,,,,,,
f5foaS6l,AZERBAIJAN,2023-2024,AZERBAIJAN CUP,AZERBAIJAN CUP,18/12/2023,,1/8-finals,Sumqayit,IN7pyP6U,Karvan,pS1pDoFD,False,3,1,,,,,,"[55, 82, 88]",[65],Betfair,1.57,2.88,8.5,Betano.br,1.35,3.95,9.5,Betfair,1.11,6.0,12.0,,0.0,0.0,Betano.br,1.85,1.7,,0.0,0.0,,0.0,0.0,,0.0,0.0,,0.0,0.0,Betfair,1.0,17.0,Betfair,1.08,6.5,Betfair,1.36,2.88,Betfair,2.1,1.65,Betfair,3.3,1.29,Betfair,1.95,1.73,,0.0,0.0,,0.0,0.0,Betano.br,1.04,1.08,5.2,Betano.br,1.07,1.3,2.25,,0.0,0.0,0.0,Betano.br,1.04,6.8,Betano.br,1.1,5.9,Betano.br,1.08,6.8,Betfair,1.62,21.0,91.0,4.0,11.0,20.0,17.0,23.0,17.0,Betano.br,1.82,1.82,,0.0,0.0,,0.0,0.0,Betfair,21.0,Betfair,8.0,Betfair,31.0,Betfair,12.0,Betfair,6.0,Betfair,67.0,Betfair,8.0,Betfair,29.0,Betfair,21.0,Betfair,6.5,Betfair,101.0,Betfair,9.0,Betfair,76.0,Betfair,19.0,Betfair,76.0,,0.0,0.0,Betano.br,1.72,1.9,Betano.br,1.83,1.78,,0.0,0.0,,0.0,0.0,,0.0,0.0,,0.0,0.0,,0.0,0.0,,0.0,0.0,,0,0,,0.0,0.0,0.0,,0.0,0.0,0.0,,0.0,0.0,0.0,,0.0,0.0,0.0,,0.0,0.0,0.0,,0.0,0,0.0,,,,,,,,,,,,,,,,,,,,,,,,,,,,,,,,,,,,,,,,,,,,,,,,,,,,,,,,,,,,,,,,,,,,,,,,,,,,,,,,,,,,,,,,,,,,,,,,,,,,,,,,,,,,,,,,,,,,,,,,,,,,,,,,,,,,,,,,,,,,,,,,,,,,,,,,,,,,,,,,,,,,,,,,,,,,,,,,,,,,,,,,,,,,,,,,,,,,,,,,,,,,
rs5c5J3Q,AZERBAIJAN,2023-2024,AZERBAIJAN CUP,AZERBAIJAN CUP,30/01/2024,,Quarter-finals,Sabail,2THbpl8q,Zira,4CQ5BXNJ,False,1,2,1.0,,,,,[70],"[48, 60]",Betfair,3.6,1.83,3.3,Betano.br,3.8,2.18,2.65,Betfair,2.75,2.9,2.5,Novibet,1.53,2.35,,0.0,0.0,,0.0,0.0,,0.0,0.0,,0.0,0.0,,0.0,0.0,Betfair,1.07,7.0,Betfair,1.44,2.6,Betfair,2.4,1.5,Betfair,4.8,1.14,Betfair,10.0,1.02,Betfair,2.1,1.65,,0.0,0.0,,0.0,0.0,Betano.br,1.65,1.32,1.31,Novibet,1.38,1.8,1.24,,0.0,0.0,0.0,Novibet,2.3,1.54,Betano.br,2.22,1.6,Betano.br,2.27,1.6,Betfair,4.5,13.0,26.0,6.0,4.2,5.5,31.0,13.0,4.33,Novibet,1.9,1.83,Novibet,2.2,1.63,Novibet,2.04,1.71,Betfair,6.0,Betfair,6.5,Betfair,6.0,Betfair,5.5,Betfair,11.0,Betfair,9.5,Betfair,9.5,Betfair,9.0,Betfair,15.0,Betfair,23.0,Betfair,21.0,Betfair,23.0,Betfair,21.0,Betfair,36.0,Betfair,36.0,,0.0,0.0,,0.0,0.0,,0.0,0.0,,0.0,0.0,,0.0,0.0,,0.0,0.0,,0.0,0.0,,0.0,0.0,,0.0,0.0,,0,0,,0.0,0.0,0.0,,0.0,0.0,0.0,,0.0,0.0,0.0,,0.0,0.0,0.0,,0.0,0.0,0.0,,0.0,0,0.0,,,,,,,,,,,,,,,,,,,,,,,,,,,,,,,,,,,,,,,,,,,,,,,,,1.0,0.0,,,,,,,,,,,,,,,,,,,,,,,,,,,,,,,,,,,,,,,,,,,,,,,,,,,,,,,,,,,,,,,,,,,1.0,0.0,,,,,,,,,,,,,,,,,,,,,,,,,,,,,,,,,,,,,,,,,,,,,,,,,,,,,,,,,,,,,,,,,,,,,,,,,,,,,,,,,,,,,,
2Rch0Qg3,AZERBAIJAN,2023-2024,AZERBAIJAN CUP,AZERBAIJAN CUP,19/12/2023,,1/8-finals,Imisli FK,n3cad8xt,Gabala,KAl0A5P2,False,0,1,,,,,,[],[90],Betfair,9.5,2.63,1.62,Betano.br,8.5,3.5,1.44,Betfair,12.0,6.5,1.13,,0.0,0.0,Betano.br,2.02,1.57,,0.0,0.0,,0.0,0.0,,0.0,0.0,,0.0,0.0,Betfair,1.01,17.0,Betfair,1.14,4.8,Betfair,1.57,2.25,Betfair,2.55,1.45,Betfair,4.8,1.14,Betfair,2.25,1.57,,0.0,0.0,,0.0,0.0,Betano.br,3.1,1.1,1.05,Betano.br,2.05,1.36,1.08,,0.0,0.0,0.0,Betano.br,6.1,1.06,Betano.br,5.2,1.13,Betano.br,6.0,1.11,Betfair,20.0,26.0,19.0,21.0,9.5,3.6,101.0,21.0,1.67,Betano.br,1.82,1.82,,0.0,0.0,,0.0,0.0,Betfair,15.0,Betfair,26.0,Betfair,6.5,Betfair,11.0,Betfair,67.0,Betfair,5.0,Betfair,36.0,Betfair,8.0,Betfair,23.0,Betfair,101.0,Betfair,6.0,Betfair,81.0,Betfair,9.5,Betfair,81.0,Betfair,23.0,,0.0,0.0,,0.0,0.0,,0.0,0.0,,0.0,0.0,,0.0,0.0,,0.0,0.0,,0.0,0.0,,0.0,0.0,Betano.br,1.75,1.87,,0,0,,0.0,0.0,0.0,,0.0,0.0,0.0,,0.0,0.0,0.0,,0.0,0.0,0.0,,0.0,0.0,0.0,,0.0,0,0.0,,,,,,,,,,,,,,,,,,,,,,,,,,,,,,,,,,,,,,,,,,,,,,,,,,,,,,,,,,,,,,,,,,,,,,,,,,,,,,,,,,,,,,,,,,,,,,,,,,,,,,,,,,,,,,,,,,,,,,,,,,,,,,,,,,,,,,,,,,,,,,,,,,,,,,,,,,,,,,,,,,,,,,,,,,,,,,,,,,,,,,,,,,,,,,,,,,,,,,,,,,,,
hril8Rfm,AZERBAIJAN,2023-2024,AZERBAIJAN CUP,AZERBAIJAN CUP,20/12/2023,,1/8-finals,Zira,6LBhh46H,Turan Tovuz,4CQ5BXNJ,False,2,1,,,,,,"[82, 88]",[4],Betfair,2.88,1.91,4.2,Novibet,2.6,2.25,3.6,Betfair,2.05,2.9,3.4,Novibet,1.5,2.5,Novibet,3.25,1.31,Novibet,8.0,1.05,Novibet,1.32,3.15,Novibet,2.45,1.51,Novibet,5.4,1.13,Betfair,1.06,7.5,Betfair,1.4,2.75,Betfair,2.25,1.57,Betfair,4.5,1.17,Betfair,9.0,1.03,Betfair,1.73,2.0,Novibet,5.05,1.14,Novibet,3.7,1.25,Betano.br,1.3,1.3,1.65,Novibet,1.24,1.72,1.38,Novibet,1.27,1.57,1.44,Novibet,1.55,2.3,Novibet,1.61,2.2,Betano.br,1.62,2.2,Betfair,3.6,13.0,23.0,5.5,5.5,7.0,19.0,13.0,5.0,Novibet,1.9,1.83,Novibet,2.1,1.64,Novibet,2.01,1.71,Betfair,6.5,Betfair,5.5,Betfair,8.0,Betfair,6.0,Betfair,8.5,Betfair,13.0,Betfair,8.5,Betfair,11.0,Betfair,15.0,Betfair,15.0,Betfair,36.0,Betfair,15.0,Betfair,29.0,Betfair,31.0,Betfair,41.0,,0.0,0.0,,0.0,0.0,,0.0,0.0,,0.0,0.0,,0.0,0.0,,0.0,0.0,,0.0,0.0,,0.0,0.0,,0.0,0.0,,0,0,Novibet,26.0,10.75,0.0,Novibet,11.0,6.3,22.0,Novibet,4.55,3.75,8.3,Novibet,1.3,4.65,1.63,Novibet,1.06,8.7,1.17,Novibet,0.0,0,1.03,,,,,,,,,,,,,,,,,,,,,,,,,,,,,,,,,,,,,,,,,,,,,,,,,,,,,,,,,,,,,,,,,,,,,,,,,,,,,,,,,,,,,,,,,,,,,,,,,,,,,,,,,,,,,,,,,,,,,,,,,,,,,,,,,,,,,,,,,,,,,,,,,,,,,,,,,,,,,,,,,,,,,,,,,,,,,,,,,,,,,,,,,,,,,,,,,,,,,,,,,,,,
88jiYLyA,AZERBAIJAN,2023-2024,AZERBAIJAN CUP,AZERBAIJAN CUP,24/04/2024,,Semi-finals,Gabala,n3cad8xt,Zira,4CQ5BXNJ,False,0,2,2.0,1.0,2.0,1.0,4.0,[],"[59, 84]",Betfair,2.88,2.0,3.75,Betano.br,2.7,2.37,3.25,Betfair,2.2,3.0,2.88,Sportingbet.br,1.44,2.55,Sportingbet.br,3.1,1.31,Sportingbet.br,8.5,1.06,Sportingbet.br,1.27,3.4,Sportingbet.br,2.25,1.55,Sportingbet.br,5.0,1.14,Betfair,1.05,8.0,Betfair,1.33,3.0,Betfair,2.1,1.65,Betfair,3.8,1.2,Betfair,8.0,1.05,Betfair,1.83,1.83,Sportingbet.br,5.0,1.15,Sportingbet.br,3.5,1.26,Betano.br,1.34,1.3,1.6,Sportingbet.br,1.26,1.7,1.35,Sportingbet.br,1.3,1.52,1.43,Sportingbet.br,1.65,2.1,Betano.br,1.7,2.05,Betano.br,1.7,2.07,Betfair,5.0,13.0,21.0,7.0,4.5,5.0,26.0,13.0,3.75,Betano.br,1.85,1.8,,0.0,0.0,,0.0,0.0,Betfair,8.0,Betfair,8.0,Betfair,6.5,Betfair,5.5,Betfair,13.0,Betfair,9.0,Betfair,9.5,Betfair,8.0,Betfair,13.0,Betfair,29.0,Betfair,17.0,Betfair,21.0,Betfair,15.0,Betfair,34.0,Betfair,26.0,,0.0,0.0,,0.0,0.0,,0.0,0.0,,0.0,0.0,Betano.br,1.9,1.72,,0.0,0.0,,0.0,0.0,,0.0,0.0,,0.0,0.0,,0,0,,0.0,0.0,0.0,,0.0,0.0,0.0,,0.0,0.0,0.0,,0.0,0.0,0.0,,0.0,0.0,0.0,,0.0,0,0.0,,,,,,,,,,,,,,,,,,,,,,,,,,,,,,,,,,,,,,,,,,,,,,,,,1.0,3.0,,,,,,,,,,,,,,,,,,,,,,,,,,,,,,,,,,,,,,,,,,,,,,,,,,,,,,,,,,,,,,,,,,,1.0,1.0,,,,,,,,,,,,,,,,,,,,,,,,,,,,,,,,,,,,,,,,,,,,,,,,,,,,,,,,,,,,,,,,,,,0.0,2.0,,,,,,,,,,,,,,,,,,
0MuuiMGk,AZERBAIJAN,2023-2024,AZERBAIJAN CUP,AZERBAIJAN CUP,20/12/2023,,1/8-finals,Sabail,2THbpl8q,Shamakhi,WUDXYotm,False,6,0,,,,,,"[23, 45, 50, 56, 80, 90]",[],Betfair,2.1,2.1,5.5,Novibet,1.93,2.45,5.3,Betfair,1.55,3.5,5.5,Novibet,1.39,2.85,Novibet,2.75,1.41,Novibet,6.5,1.09,Novibet,1.25,3.65,Novibet,2.15,1.66,Novibet,4.4,1.18,Betfair,1.02,10.0,Betfair,1.25,3.6,Betfair,1.85,1.85,Betfair,3.3,1.29,Betfair,6.5,1.08,Betfair,1.95,1.75,Novibet,4.85,1.15,Novibet,3.55,1.26,Betano.br,1.17,1.21,2.25,Novibet,1.14,1.58,1.65,Novibet,1.16,1.47,1.74,Novibet,1.19,4.15,Novibet,1.27,3.5,Novibet,1.28,3.4,Betfair,2.4,14.0,41.0,4.2,5.5,10.0,20.0,15.0,9.0,Novibet,1.89,1.84,Novibet,2.04,1.69,Novibet,1.97,1.74,Betfair,8.0,Betfair,5.5,Betfair,10.0,Betfair,6.5,Betfair,7.0,Betfair,19.0,Betfair,7.5,Betfair,13.0,Betfair,15.0,Betfair,12.0,Betfair,61.0,Betfair,13.0,Betfair,36.0,Betfair,23.0,Betfair,56.0,,0.0,0.0,,0.0,0.0,,0.0,0.0,Betano.br,1.91,1.7,Novibet,1.67,2.06,,0.0,0.0,,0.0,0.0,,0.0,0.0,,0.0,0.0,,0,0,Novibet,10.75,7.2,0.0,Novibet,4.95,4.65,25.0,Novibet,2.55,3.5,16.75,Novibet,1.12,6.7,2.35,Novibet,1.05,9.1,1.46,Novibet,0.0,0,1.15,,,,,,,,,,,,,,,,,,,,,,,,,,,,,,,,,,,,,,,,,,,,,,,,,,,,,,,,,,,,,,,,,,,,,,,,,,,,,,,,,,,,,,,,,,,,,,,,,,,,,,,,,,,,,,,,,,,,,,,,,,,,,,,,,,,,,,,,,,,,,,,,,,,,,,,,,,,,,,,,,,,,,,,,,,,,,,,,,,,,,,,,,,,,,,,,,,,,,,,,,,,,
d0gBqBMl,AZERBAIJAN,2023-2024,AZERBAIJAN CUP,AZERBAIJAN CUP,31/01/2024,,Quarter-finals,Sumqayit,d0eNnarc,Neftci Baku,pS1pDoFD,False,2,3,1.0,,,,,"[60, 89]","[29, 44, 45]",Betfair,4.5,1.83,2.8,Betano.br,4.1,2.3,2.37,Betfair,3.5,3.2,1.9,Novibet,1.51,2.4,,0.0,0.0,,0.0,0.0,,0.0,0.0,,0.0,0.0,,0.0,0.0,Betfair,1.07,7.0,Betfair,1.44,2.6,Betfair,2.4,1.5,Betfair,4.8,1.14,Betfair,10.0,1.02,Betfair,2.05,1.67,,0.0,0.0,,0.0,0.0,Betano.br,1.8,1.31,1.23,Novibet,1.43,1.77,1.22,,0.0,0.0,0.0,Novibet,2.55,1.44,Betano.br,2.42,1.5,Betano.br,2.55,1.47,Betfair,6.5,14.0,23.0,7.5,4.33,4.5,41.0,13.0,3.5,Novibet,1.89,1.84,Novibet,2.15,1.65,Novibet,2.02,1.73,Betfair,6.5,Betfair,8.0,Betfair,5.5,Betfair,6.0,Betfair,15.0,Betfair,8.0,Betfair,12.0,Betfair,8.0,Betfair,15.0,Betfair,46.0,Betfair,15.0,Betfair,34.0,Betfair,15.0,Betfair,61.0,Betfair,36.0,,0.0,0.0,,0.0,0.0,,0.0,0.0,,0.0,0.0,,0.0,0.0,Betano.br,1.75,1.87,,0.0,0.0,,0.0,0.0,,0.0,0.0,,0,0,,0.0,0.0,0.0,,0.0,0.0,0.0,,0.0,0.0,0.0,,0.0,0.0,0.0,,0.0,0.0,0.0,,0.0,0,0.0,,,,,,,,,,,,,,,,,,,,,,,,,,,,,,,,,,,,,,,,,,,,,,,,,4.0,3.0,,,,,,,,,,,,,,,,,,,,,,,,,,,,,,,,,,,,,,,,,,,,,,,,,,,,,,,,,,,,,,,,,,,2.0,1.0,,,,,,,,,,,,,,,,,,,,,,,,,,,,,,,,,,,,,,,,,,,,,,,,,,,,,,,,,,,,,,,,,,,2.0,2.0,,,,,,,,,,,,,,,,,,
dnpoFnGs,AZERBAIJAN,2023-2024,AZERBAIJAN CUP,AZERBAIJAN CUP,02/06/2024,,Final,Qarabag,Qgd3eSin,Zira,4CQ5BXNJ,True,2,1,,,,,,"[42, 62]",[58],Betfair,6.5,2.1,2.0,Betano.br,6.0,2.62,1.82,Betfair,6.0,3.8,1.4,Sportingbet.br,1.41,2.65,Sportingbet.br,2.87,1.36,Sportingbet.br,7.5,1.07,Sportingbet.br,1.24,3.7,Sportingbet.br,2.1,1.63,Sportingbet.br,4.5,1.17,Betfair,1.03,9.0,Betfair,1.29,3.3,Betfair,1.95,1.75,Betfair,3.6,1.25,Betfair,7.5,1.06,Betfair,2.15,1.6,Sportingbet.br,5.25,1.13,Sportingbet.br,3.8,1.23,Betano.br,2.6,1.23,1.12,Betano.br,1.72,1.62,1.12,Sportingbet.br,1.87,1.44,1.12,Sportingbet.br,4.6,1.17,Betano.br,3.7,1.24,Betano.br,3.8,1.22,Betfair,2.3,15.0,61.0,3.75,6.0,12.0,20.0,15.0,11.0,Betano.br,1.88,1.82,,0.0,0.0,,0.0,0.0,Betfair,9.0,Betfair,5.0,Betfair,13.0,Betfair,7.5,Betfair,6.0,Betfair,26.0,Betfair,7.0,Betfair,17.0,Betfair,17.0,Betfair,9.0,Betfair,76.0,Betfair,12.0,Betfair,67.0,Betfair,23.0,Betfair,76.0,,0.0,0.0,,0.0,0.0,,0.0,0.0,,0.0,0.0,,0.0,0.0,,0.0,0.0,Betano.br,1.93,1.82,Betano.br,1.57,2.3,,0.0,0.0,,0,0,Betano.br,0.0,6.8,10.25,Betano.br,0.0,4.3,4.8,Betano.br,18.0,3.4,2.45,Betano.br,2.6,7.2,1.12,Betano.br,1.53,0.0,0.0,Betano.br,1.18,0,0.0,,,,,,,,,,,0.59,0.41,,,,,,,,,,,11.0,5.0,4.0,1.0,7.0,4.0,0.0,0.0,,,,,,,,,,,3.0,7.0,,,,,0.0,0.0,2.0,2.0,,,0.0,0.0,0.0,2.0,,,,,,,0.0,0.0,,,,,,,,,,,,,,,0.71,0.29,,,,,,,,,,,5.0,1.0,3.0,0.0,2.0,1.0,0.0,0.0,,,,,,,,,,,2.0,1.0,,,,,0.0,0.0,,,,,0.0,0.0,0.0,2.0,,,,,,,0.0,0.0,,,,,,,,,,,,,,,0.48,0.52,,,,,,,,,,,6.0,4.0,1.0,1.0,5.0,3.0,0.0,0.0,,,,,,,,,,,1.0,6.0,,,,,0.0,0.0,2.0,2.0,,,0.0,0.0,0.0,0.0,,,,,,,0.0,0.0,,,,
fVi4IRg4,AZERBAIJAN,2023-2024,AZERBAIJAN CUP,AZERBAIJAN CUP,08/02/2024,,Quarter-finals,Qarabag,Qgd3eSin,Sabah Baku,fNGcxbyr,False,3,4,2.0,7.0,1.0,10.0,5.0,"[30, 62, 74]","[5, 27, 58, 69]",Betfair,7.0,2.63,1.67,Betano.br,5.7,3.25,1.62,Betfair,8.5,5.5,1.22,Betano.br,1.37,2.52,Betano.br,1.98,1.6,,0.0,0.0,,0.0,0.0,,0.0,0.0,,0.0,0.0,Betfair,1.0,17.0,Betfair,1.11,5.5,Betfair,1.4,2.75,Betfair,2.2,1.6,Betfair,3.6,1.25,Betfair,1.57,2.25,,0.0,0.0,,0.0,0.0,Betano.br,3.0,1.15,1.11,Betano.br,1.82,1.4,1.13,,0.0,0.0,0.0,Betano.br,4.35,1.14,Betano.br,3.75,1.23,Betano.br,4.1,1.21,Betfair,1.83,18.0,56.0,4.0,9.0,15.0,15.0,20.0,13.0,Betano.br,1.82,1.82,,0.0,0.0,,0.0,0.0,Betfair,19.0,Betfair,8.0,Betfair,23.0,Betfair,11.0,Betfair,6.5,Betfair,51.0,Betfair,7.0,Betfair,21.0,Betfair,15.0,Betfair,8.0,Betfair,81.0,Betfair,9.0,Betfair,61.0,Betfair,15.0,Betfair,61.0,,0.0,0.0,,0.0,0.0,,0.0,0.0,,0.0,0.0,,0.0,0.0,,0.0,0.0,Betano.br,1.88,1.72,Betano.br,1.75,1.85,,0.0,0.0,,0,0,,0.0,0.0,0.0,,0.0,0.0,0.0,,0.0,0.0,0.0,,0.0,0.0,0.0,,0.0,0.0,0.0,,0.0,0,0.0,,,,,,,,,,,,,,,,,,,,,,,,,,,,,,,,,,,,,,,,,,,,,,,,,1.0,1.0,1.0,0.0,,,,,,,,,,,,,,,,,,,,,,,,,,,,,,,,,,,,,,,,,,,,,,,,,,,,,,,,,,,,,,,,,1.0,1.0,,,,,,,,,,,,,,,,,,,,,,,,,,,,,,,,,,,,,,,,,,,,,,,,,,,,,,,,,,,,,,,,,,,,,1.0,0.0,,,,,,,,,,,,,,,,
j9XfrOQf,AZERBAIJAN,2023-2024,AZERBAIJAN CUP,AZERBAIJAN CUP,30/11/2023,,1/16-finals,Imisli FK,KAl0A5P2,Mingachevir,byoGJzqQ,False,1,0,,,,,,[87],[],Betfair,2.3,2.3,4.0,Betano.br,2.15,2.72,3.75,Betfair,1.8,3.5,3.7,,0.0,0.0,Betano.br,2.18,1.5,,0.0,0.0,,0.0,0.0,,0.0,0.0,,0.0,0.0,Betfair,1.01,11.0,Betfair,1.17,4.5,Betfair,1.6,2.2,Betfair,2.6,1.44,Betfair,4.8,1.14,Betfair,1.57,2.25,,0.0,0.0,,0.0,0.0,Betano.br,1.22,1.27,1.91,Betano.br,1.2,1.57,1.47,,0.0,0.0,0.0,Betano.br,1.35,2.72,Betano.br,1.45,2.57,Betano.br,1.47,2.55,Betfair,2.88,13.0,23.0,5.0,6.0,8.5,15.0,13.0,6.0,Betano.br,1.87,1.78,,0.0,0.0,,0.0,0.0,Betfair,12.0,Betfair,8.0,Betfair,12.0,Betfair,7.0,Betfair,9.0,Betfair,17.0,Betfair,7.0,Betfair,11.0,Betfair,11.0,Betfair,13.0,Betfair,36.0,Betfair,11.0,Betfair,21.0,Betfair,17.0,Betfair,26.0,,0.0,0.0,,0.0,0.0,,0.0,0.0,,0.0,0.0,,0.0,0.0,,0.0,0.0,,0.0,0.0,,0.0,0.0,,0.0,0.0,,0,0,,0.0,0.0,0.0,,0.0,0.0,0.0,,0.0,0.0,0.0,,0.0,0.0,0.0,,0.0,0.0,0.0,,0.0,0,0.0,,,,,,,,,,,,,,,,,,,,,,,,,,,,,,,,,,,,,,,,,,,,,,,,,0.0,1.0,0.0,1.0,,,,,,,,,,,,,,,,,,,,,,,,,,,,,,,,,,,,,,,,,,,,,,,,,,,,,,,,,,,,,,,,,,,,,,,,,,,,,,,,,,,,,,,,,,,,,,,,,,,,,,,,,,,,,,,,,,,,,,,,,,,,,,,,,,,,,0.0,1.0,0.0,1.0,,,,,,,,,,,,,,,,
zihFrVye,AZERBAIJAN,2023-2024,AZERBAIJAN CUP,AZERBAIJAN CUP,09/02/2024,,Quarter-finals,Neftci Baku,d0eNnarc,Sumqayit,pS1pDoFD,False,1,1,2.0,3.0,2.0,4.0,3.0,[26],[40],Betfair,5.0,2.0,2.3,Betano.br,4.6,2.55,2.05,Betfair,4.75,3.4,1.62,Novibet,1.38,2.9,Novibet,2.75,1.41,Novibet,6.4,1.09,Novibet,1.23,3.85,Novibet,2.07,1.69,Novibet,4.3,1.19,Betfair,1.05,8.0,Betfair,1.3,3.2,Betfair,2.1,1.65,Betfair,3.8,1.22,Betfair,7.5,1.05,Betfair,2.0,1.73,Novibet,4.6,1.17,Novibet,3.4,1.29,Betano.br,2.1,1.25,1.18,Betano.br,1.5,1.6,1.16,Novibet,1.67,1.45,1.21,Novibet,3.3,1.28,Novibet,2.9,1.37,Betano.br,3.0,1.36,Betfair,2.7,13.0,41.0,4.33,5.0,9.0,21.0,14.0,8.0,Novibet,1.87,1.86,Novibet,2.04,1.71,Novibet,1.93,1.77,Betfair,8.0,Betfair,5.5,Betfair,10.0,Betfair,6.5,Betfair,6.5,Betfair,19.0,Betfair,7.5,Betfair,13.0,Betfair,15.0,Betfair,11.0,Betfair,67.0,Betfair,13.0,Betfair,36.0,Betfair,23.0,Betfair,61.0,,0.0,0.0,,0.0,0.0,,0.0,0.0,,0.0,0.0,,0.0,0.0,Novibet,2.15,1.65,,0.0,0.0,,0.0,0.0,,0.0,0.0,,0,0,Novibet,0.0,7.5,12.5,Novibet,0.0,4.75,5.7,Novibet,11.0,3.55,2.8,Novibet,2.1,5.7,1.18,Novibet,1.38,0.0,0.0,Novibet,1.11,0,0.0,,,,,,,,,,,,,,,,,,,,,,,,,,,,,,,,,,,,,,,,,,,,,,,,,6.0,4.0,,,,,,,,,,,,,,,,,,,,,,,,,,,,,,,,,,,,,,,,,,,,,,,,,,,,,,,,,,,,,,,,,,,2.0,1.0,,,,,,,,,,,,,,,,,,,,,,,,,,,,,,,,,,,,,,,,,,,,,,,,,,,,,,,,,,,,,,,,,,,4.0,3.0,,,,,,,,,,,,,,,,,,
CMbOOY1O,AZERBAIJAN,2023-2024,AZERBAIJAN CUP,AZERBAIJAN CUP,21/12/2023,,1/8-finals,Neftci Baku,fJP1dhZQ,Lokbatan,d0eNnarc,False,4,0,,,,,,"[23, 72, 77, 80]",[],Betfair,1.8,2.3,8.0,Betano.br,1.6,2.87,7.9,Betfair,1.22,4.75,8.5,Betano.br,1.38,2.47,Betano.br,2.5,1.37,,0.0,0.0,,0.0,0.0,,0.0,0.0,,0.0,0.0,Betfair,1.01,11.0,Betfair,1.22,3.8,Betfair,1.75,1.95,Betfair,3.2,1.3,Betfair,6.5,1.08,Betfair,2.38,1.5,,0.0,0.0,,0.0,0.0,Betano.br,1.06,1.16,3.3,Betano.br,1.08,1.5,1.78,,0.0,0.0,0.0,Betano.br,1.08,5.4,Betano.br,1.15,4.75,Betano.br,1.14,5.2,Betfair,1.91,18.0,76.0,3.6,7.0,15.0,20.0,21.0,14.0,Betano.br,1.83,1.8,,0.0,0.0,,0.0,0.0,Betfair,11.0,Betfair,5.5,Betfair,17.0,Betfair,9.0,Betfair,5.0,Betfair,51.0,Betfair,7.5,Betfair,23.0,Betfair,21.0,Betfair,7.0,Betfair,81.0,Betfair,11.0,Betfair,81.0,Betfair,23.0,Betfair,76.0,,0.0,0.0,,0.0,0.0,Betano.br,1.85,1.75,Betano.br,1.7,1.91,Betano.br,1.72,1.88,,0.0,0.0,,0.0,0.0,,0.0,0.0,,0.0,0.0,,0,0,,0.0,0.0,0.0,,0.0,0.0,0.0,,0.0,0.0,0.0,,0.0,0.0,0.0,,0.0,0.0,0.0,,0.0,0,0.0,,,,,,,,,,,,,,,,,,,,,,,,,,,,,,,,,,,,,,,,,,,,,,,,,,,,,,,,,,,,,,,,,,,,,,,,,,,,,,,,,,,,,,,,,,,,,,,,,,,,,,,,,,,,,,,,,,,,,,,,,,,,,,,,,,,,,,,,,,,,,,,,,,,,,,,,,,,,,,,,,,,,,,,,,,,,,,,,,,,,,,,,,,,,,,,,,,,,,,,,,,,,
WQoTRxRj,AZERBAIJAN,2023-2024,AZERBAIJAN CUP,AZERBAIJAN CUP,24/04/2024,,Semi-finals,Qarabag,d0eNnarc,Neftci Baku,Qgd3eSin,False,4,1,2.0,4.0,0.0,8.0,1.0,"[17, 62, 70, 77]",[64],Betfair,6.5,2.75,1.67,Sportingbet.br,7.25,3.5,1.44,Betfair,7.5,5.5,1.2,Sportingbet.br,1.21,4.0,Sportingbet.br,1.9,1.78,Sportingbet.br,3.9,1.22,Sportingbet.br,1.1,6.25,Sportingbet.br,1.52,2.35,Sportingbet.br,2.55,1.44,Betfair,1.0,19.0,Betfair,1.07,7.0,Betfair,1.33,3.0,Betfair,1.95,1.75,Betfair,3.3,1.29,Betfair,1.65,2.1,Sportingbet.br,3.8,1.23,Sportingbet.br,2.87,1.36,Sportingbet.br,3.9,1.12,1.05,Sportingbet.br,2.15,1.38,1.08,Sportingbet.br,2.55,1.26,1.08,Sportingbet.br,8.25,1.06,Betano.br,4.7,1.15,Betano.br,4.85,1.16,Betfair,1.83,15.0,51.0,4.0,10.0,15.0,15.0,19.0,13.0,Betano.br,1.83,1.8,,0.0,0.0,,0.0,0.0,Betfair,23.0,Betfair,9.0,Betfair,26.0,Betfair,11.0,Betfair,7.0,Betfair,51.0,Betfair,7.0,Betfair,21.0,Betfair,15.0,Betfair,8.0,Betfair,76.0,Betfair,8.5,Betfair,56.0,Betfair,15.0,Betfair,46.0,,0.0,0.0,,0.0,0.0,,0.0,0.0,,0.0,0.0,,0.0,0.0,,0.0,0.0,,0.0,0.0,Betano.br,1.88,1.72,,0.0,0.0,,0,0,,0.0,0.0,0.0,,0.0,0.0,0.0,,0.0,0.0,0.0,,0.0,0.0,0.0,,0.0,0.0,0.0,,0.0,0,0.0,,,,,,,,,,,0.57,0.43,,,,,,,,,,,23.0,10.0,14.0,4.0,9.0,6.0,,,,,,,,,,,,,6.0,1.0,,,,,,,1.0,3.0,,,,,3.0,10.0,,,,,,,,,,,,,,,,,,,,,,,0.64,0.36,,,,,,,,,,,10.0,1.0,7.0,1.0,3.0,0.0,,,,,,,,,,,,,3.0,0.0,,,,,,,0.0,1.0,,,,,1.0,6.0,,,,,,,,,,,,,,,,,,,,,,,0.5,0.5,,,,,,,,,,,13.0,9.0,7.0,3.0,6.0,6.0,,,,,,,,,,,,,3.0,1.0,,,,,,,1.0,2.0,,,,,2.0,4.0,,,,,,,,,,,,
ILCg3P2K,AZERBAIJAN,2023-2024,AZERBAIJAN CUP,AZERBAIJAN CUP,29/11/2023,,1/16-finals,Sahdag Qusar,fJP1dhZQ,Lokbatan,4SBRVnYI,False,0,1,,,,,,[],[60],,0.0,0.0,0.0,,0.0,0.0,0.0,,0.0,0.0,0.0,,0.0,0.0,,0.0,0.0,,0.0,0.0,,0.0,0.0,,0.0,0.0,,0.0,0.0,,0.0,0.0,,0.0,0.0,,0.0,0.0,,0.0,0.0,,0.0,0.0,,0.0,0.0,,0.0,0.0,,0.0,0.0,,0.0,0.0,0.0,,0.0,0.0,0.0,,0.0,0.0,0.0,,0.0,0.0,,0.0,0.0,,0.0,0.0,,0.0,0.0,0.0,0.0,0.0,0.0,0.0,0.0,0.0,,0.0,0.0,,0.0,0.0,,0.0,0.0,,0.0,,0.0,,0.0,,0.0,,0.0,,0.0,,0.0,,0.0,,0.0,,0.0,,0.0,,0.0,,0.0,,0.0,,0.0,,0.0,0.0,,0.0,0.0,,0.0,0.0,,0.0,0.0,,0.0,0.0,,0.0,0.0,,0.0,0.0,,0.0,0.0,,0.0,0.0,,0,0,,0.0,0.0,0.0,,0.0,0.0,0.0,,0.0,0.0,0.0,,0.0,0.0,0.0,,0.0,0.0,0.0,,0.0,0,0.0,,,,,,,,,,,,,,,,,,,,,,,,,,,,,,,,,,,,,,,,,,,,,,,,,,,,,,,,,,,,,,,,,,,,,,,,,,,,,,,,,,,,,,,,,,,,,,,,,,,,,,,,,,,,,,,,,,,,,,,,,,,,,,,,,,,,,,,,,,,,,,,,,,,,,,,,,,,,,,,,,,,,,,,,,,,,,,,,,,,,,,,,,,,,,,,,,,,,,,,,,,,,
UaWbsrt1,AZERBAIJAN,2023-2024,AZERBAIJAN CUP,AZERBAIJAN CUP,28/11/2023,,1/16-finals,Safa Baku,2THbpl8q,Sabail,6sgOWSIC,False,0,7,,,,,,[],"[10, 11, 20, 25, 39, 78, 88]",,0.0,0.0,0.0,,0.0,0.0,0.0,,0.0,0.0,0.0,,0.0,0.0,,0.0,0.0,,0.0,0.0,,0.0,0.0,,0.0,0.0,,0.0,0.0,,0.0,0.0,,0.0,0.0,,0.0,0.0,,0.0,0.0,,0.0,0.0,,0.0,0.0,,0.0,0.0,,0.0,0.0,,0.0,0.0,0.0,,0.0,0.0,0.0,,0.0,0.0,0.0,,0.0,0.0,,0.0,0.0,,0.0,0.0,,0.0,0.0,0.0,0.0,0.0,0.0,0.0,0.0,0.0,,0.0,0.0,,0.0,0.0,,0.0,0.0,,0.0,,0.0,,0.0,,0.0,,0.0,,0.0,,0.0,,0.0,,0.0,,0.0,,0.0,,0.0,,0.0,,0.0,,0.0,,0.0,0.0,,0.0,0.0,,0.0,0.0,,0.0,0.0,,0.0,0.0,,0.0,0.0,,0.0,0.0,,0.0,0.0,,0.0,0.0,,0,0,,0.0,0.0,0.0,,0.0,0.0,0.0,,0.0,0.0,0.0,,0.0,0.0,0.0,,0.0,0.0,0.0,,0.0,0,0.0,,,,,,,,,,,,,,,,,,,,,,,,,,,,,,,,,,,,,,,,,,,,,,,,,,,,,,,,,,,,,,,,,,,,,,,,,,,,,,,,,,,,,,,,,,,,,,,,,,,,,,,,,,,,,,,,,,,,,,,,,,,,,,,,,,,,,,,,,,,,,,,,,,,,,,,,,,,,,,,,,,,,,,,,,,,,,,,,,,,,,,,,,,,,,,,,,,,,,,,,,,,,
pd2fppdr,AZERBAIJAN,2023-2024,AZERBAIJAN CUP,AZERBAIJAN CUP,29/11/2023,,1/16-finals,Lerik,EFOMsU3g,Sumqayit,pS1pDoFD,False,0,6,,,,,,[],"[19, 41, 54, 68, 77, 80]",,0.0,0.0,0.0,,0.0,0.0,0.0,,0.0,0.0,0.0,,0.0,0.0,,0.0,0.0,,0.0,0.0,,0.0,0.0,,0.0,0.0,,0.0,0.0,,0.0,0.0,,0.0,0.0,,0.0,0.0,,0.0,0.0,,0.0,0.0,,0.0,0.0,,0.0,0.0,,0.0,0.0,,0.0,0.0,0.0,,0.0,0.0,0.0,,0.0,0.0,0.0,,0.0,0.0,,0.0,0.0,,0.0,0.0,,0.0,0.0,0.0,0.0,0.0,0.0,0.0,0.0,0.0,,0.0,0.0,,0.0,0.0,,0.0,0.0,,0.0,,0.0,,0.0,,0.0,,0.0,,0.0,,0.0,,0.0,,0.0,,0.0,,0.0,,0.0,,0.0,,0.0,,0.0,,0.0,0.0,,0.0,0.0,,0.0,0.0,,0.0,0.0,,0.0,0.0,,0.0,0.0,,0.0,0.0,,0.0,0.0,,0.0,0.0,,0,0,,0.0,0.0,0.0,,0.0,0.0,0.0,,0.0,0.0,0.0,,0.0,0.0,0.0,,0.0,0.0,0.0,,0.0,0,0.0,,,,,,,,,,,,,,,,,,,,,,,,,,,,,,,,,,,,,,,,,,,,,,,,,,,,,,,,,,,,,,,,,,,,,,,,,,,,,,,,,,,,,,,,,,,,,,,,,,,,,,,,,,,,,,,,,,,,,,,,,,,,,,,,,,,,,,,,,,,,,,,,,,,,,,,,,,,,,,,,,,,,,,,,,,,,,,,,,,,,,,,,,,,,,,,,,,,,,,,,,,,,
On1bq4Bl,AZERBAIJAN,2023-2024,AZERBAIJAN CUP,AZERBAIJAN CUP,29/11/2023,,1/16-finals,Kur-Araz,COrGwORD,Araz,08rnlWQP,False,1,6,,,,,,[53],"[21, 47, 65, 87, 88, 90]",,0.0,0.0,0.0,,0.0,0.0,0.0,,0.0,0.0,0.0,,0.0,0.0,,0.0,0.0,,0.0,0.0,,0.0,0.0,,0.0,0.0,,0.0,0.0,,0.0,0.0,,0.0,0.0,,0.0,0.0,,0.0,0.0,,0.0,0.0,,0.0,0.0,,0.0,0.0,,0.0,0.0,,0.0,0.0,0.0,,0.0,0.0,0.0,,0.0,0.0,0.0,,0.0,0.0,,0.0,0.0,,0.0,0.0,,0.0,0.0,0.0,0.0,0.0,0.0,0.0,0.0,0.0,,0.0,0.0,,0.0,0.0,,0.0,0.0,,0.0,,0.0,,0.0,,0.0,,0.0,,0.0,,0.0,,0.0,,0.0,,0.0,,0.0,,0.0,,0.0,,0.0,,0.0,,0.0,0.0,,0.0,0.0,,0.0,0.0,,0.0,0.0,,0.0,0.0,,0.0,0.0,,0.0,0.0,,0.0,0.0,,0.0,0.0,,0,0,,0.0,0.0,0.0,,0.0,0.0,0.0,,0.0,0.0,0.0,,0.0,0.0,0.0,,0.0,0.0,0.0,,0.0,0,0.0,,,,,,,,,,,,,,,,,,,,,,,,,,,,,,,,,,,,,,,,,,,,,,,,,,,,,,,,,,,,,,,,,,,,,,,,,,,,,,,,,,,,,,,,,,,,,,,,,,,,,,,,,,,,,,,,,,,,,,,,,,,,,,,,,,,,,,,,,,,,,,,,,,,,,,,,,,,,,,,,,,,,,,,,,,,,,,,,,,,,,,,,,,,,,,,,,,,,,,,,,,,,
neHc2qIQ,AZERBAIJAN,2023-2024,AZERBAIJAN CUP,AZERBAIJAN CUP,28/11/2023,,1/16-finals,Turan Tovuz,MHqrkCBJ,Goygol,6LBhh46H,False,5,1,,,,,,"[4, 41, 45, 88, 90]",[38],,0.0,0.0,0.0,,0.0,0.0,0.0,,0.0,0.0,0.0,,0.0,0.0,,0.0,0.0,,0.0,0.0,,0.0,0.0,,0.0,0.0,,0.0,0.0,,0.0,0.0,,0.0,0.0,,0.0,0.0,,0.0,0.0,,0.0,0.0,,0.0,0.0,,0.0,0.0,,0.0,0.0,,0.0,0.0,0.0,,0.0,0.0,0.0,,0.0,0.0,0.0,,0.0,0.0,,0.0,0.0,,0.0,0.0,,0.0,0.0,0.0,0.0,0.0,0.0,0.0,0.0,0.0,,0.0,0.0,,0.0,0.0,,0.0,0.0,,0.0,,0.0,,0.0,,0.0,,0.0,,0.0,,0.0,,0.0,,0.0,,0.0,,0.0,,0.0,,0.0,,0.0,,0.0,,0.0,0.0,,0.0,0.0,,0.0,0.0,,0.0,0.0,,0.0,0.0,,0.0,0.0,,0.0,0.0,,0.0,0.0,,0.0,0.0,,0,0,,0.0,0.0,0.0,,0.0,0.0,0.0,,0.0,0.0,0.0,,0.0,0.0,0.0,,0.0,0.0,0.0,,0.0,0,0.0,,,,,,,,,,,,,,,,,,,,,,,,,,,,,,,,,,,,,,,,,,,,,,,,,,,,,,,,,,,,,,,,,,,,,,,,,,,,,,,,,,,,,,,,,,,,,,,,,,,,,,,,,,,,,,,,,,,,,,,,,,,,,,,,,,,,,,,,,,,,,,,,,,,,,,,,,,,,,,,,,,,,,,,,,,,,,,,,,,,,,,,,,,,,,,,,,,,,,,,,,,,,
vVDk45mE,AZERBAIJAN,2023-2024,AZERBAIJAN CUP,AZERBAIJAN CUP,29/11/2023,,1/16-finals,Kapaz,AsIVu8Y5,Baku Sporting,hEojvsib,False,2,0,,,,,,"[99, 107]",[],,0.0,0.0,0.0,,0.0,0.0,0.0,,0.0,0.0,0.0,,0.0,0.0,,0.0,0.0,,0.0,0.0,,0.0,0.0,,0.0,0.0,,0.0,0.0,,0.0,0.0,,0.0,0.0,,0.0,0.0,,0.0,0.0,,0.0,0.0,,0.0,0.0,,0.0,0.0,,0.0,0.0,,0.0,0.0,0.0,,0.0,0.0,0.0,,0.0,0.0,0.0,,0.0,0.0,,0.0,0.0,,0.0,0.0,,0.0,0.0,0.0,0.0,0.0,0.0,0.0,0.0,0.0,,0.0,0.0,,0.0,0.0,,0.0,0.0,,0.0,,0.0,,0.0,,0.0,,0.0,,0.0,,0.0,,0.0,,0.0,,0.0,,0.0,,0.0,,0.0,,0.0,,0.0,,0.0,0.0,,0.0,0.0,,0.0,0.0,,0.0,0.0,,0.0,0.0,,0.0,0.0,,0.0,0.0,,0.0,0.0,,0.0,0.0,,0,0,,0.0,0.0,0.0,,0.0,0.0,0.0,,0.0,0.0,0.0,,0.0,0.0,0.0,,0.0,0.0,0.0,,0.0,0,0.0,,,,,,,,,,,,,,,,,,,,,,,,,,,,,,,,,,,,,,,,,,,,,,,,,,,,,,,,,,,,,,,,,,,,,,,,,,,,,,,,,,,,,,,,,,,,,,,,,,,,,,,,,,,,,,,,,,,,,,,,,,,,,,,,,,,,,,,,,,,,,,,,,,,,,,,,,,,,,,,,,,,,,,,,,,,,,,,,,,,,,,,,,,,,,,,,,,,,,,,,,,,,
l43Pc3Qs,AZERBAIJAN,2023-2024,AZERBAIJAN CUP,AZERBAIJAN CUP,28/11/2023,,1/16-finals,Araz Saatli,hY3mX00T,Iravan,bX7WY3J3,False,1,4,,,,,,[79],"[4, 27, 45, 70]",,0.0,0.0,0.0,,0.0,0.0,0.0,,0.0,0.0,0.0,,0.0,0.0,,0.0,0.0,,0.0,0.0,,0.0,0.0,,0.0,0.0,,0.0,0.0,,0.0,0.0,,0.0,0.0,,0.0,0.0,,0.0,0.0,,0.0,0.0,,0.0,0.0,,0.0,0.0,,0.0,0.0,,0.0,0.0,0.0,,0.0,0.0,0.0,,0.0,0.0,0.0,,0.0,0.0,,0.0,0.0,,0.0,0.0,,0.0,0.0,0.0,0.0,0.0,0.0,0.0,0.0,0.0,,0.0,0.0,,0.0,0.0,,0.0,0.0,,0.0,,0.0,,0.0,,0.0,,0.0,,0.0,,0.0,,0.0,,0.0,,0.0,,0.0,,0.0,,0.0,,0.0,,0.0,,0.0,0.0,,0.0,0.0,,0.0,0.0,,0.0,0.0,,0.0,0.0,,0.0,0.0,,0.0,0.0,,0.0,0.0,,0.0,0.0,,0,0,,0.0,0.0,0.0,,0.0,0.0,0.0,,0.0,0.0,0.0,,0.0,0.0,0.0,,0.0,0.0,0.0,,0.0,0,0.0,,,,,,,,,,,,,,,,,,,,,,,,,,,,,,,,,,,,,,,,,,,,,,,,,,,,,,,,,,,,,,,,,,,,,,,,,,,,,,,,,,,,,,,,,,,,,,,,,,,,,,,,,,,,,,,,,,,,,,,,,,,,,,,,,,,,,,,,,,,,,,,,,,,,,,,,,,,,,,,,,,,,,,,,,,,,,,,,,,,,,,,,,,,,,,,,,,,,,,,,,,,,
WShUdNul,AZERBAIJAN,2023-2024,AZERBAIJAN CUP,AZERBAIJAN CUP,28/11/2023,,1/16-finals,Karvan,d6AvZMVG,Difai Agsu,IN7pyP6U,False,1,0,,,,,,[72],[],Betfair,1.44,3.2,10.0,Betano.br,1.32,4.05,10.5,Betfair,1.08,8.0,15.0,,0.0,0.0,Betano.br,1.82,1.72,,0.0,0.0,,0.0,0.0,,0.0,0.0,,0.0,0.0,,0.0,0.0,Betfair,1.06,7.5,Betfair,1.29,3.3,Betfair,1.8,1.91,,0.0,0.0,Betfair,2.0,1.73,,0.0,0.0,,0.0,0.0,Betano.br,1.03,1.07,3.7,Betano.br,1.06,1.3,2.3,,0.0,0.0,0.0,Betano.br,1.03,7.3,Betano.br,1.08,6.4,Betano.br,1.07,7.4,Betfair,1.5,26.0,101.0,4.2,13.0,26.0,18.0,26.0,23.0,Betano.br,1.82,1.82,,0.0,0.0,,0.0,0.0,Betfair,29.0,Betfair,9.0,Betfair,51.0,Betfair,15.0,Betfair,6.5,Betfair,76.0,Betfair,9.0,Betfair,41.0,Betfair,23.0,Betfair,6.0,Betfair,101.0,Betfair,8.5,Betfair,81.0,Betfair,21.0,Betfair,81.0,,0.0,0.0,,0.0,0.0,,0.0,0.0,,0.0,0.0,,0.0,0.0,,0.0,0.0,,0.0,0.0,,0.0,0.0,,0.0,0.0,,0,0,,0.0,0.0,0.0,,0.0,0.0,0.0,,0.0,0.0,0.0,,0.0,0.0,0.0,,0.0,0.0,0.0,,0.0,0,0.0,,,,,,,,,,,,,,,,,,,,,,,,,,,,,,,,,,,,,,,,,,,,,,,,,,,0.0,1.0,,,,,,,,,,,,,,,,,,,,,,,,,,,,,,,,,,,,,,,,,,,,,,,,,,,,,,,,,,,,,,,,,,,,,,,,,,,,,,,,,,,,,,,,,,,,,,,,,,,,,,,,,,,,,,,,,,,,,,,,,,,,,,,,,,,,,,,0.0,1.0,,,,,,,,,,,,,,,,
OMV2t2e7,AZERBAIJAN,2023-2024,AZERBAIJAN CUP,AZERBAIJAN CUP,28/11/2023,,1/16-finals,MOIK Baku,dbGwvn3I,Cebrayil,roZLzxyp,False,4,0,,,,,,"[37, 45, 73, 86]",[],,0.0,0.0,0.0,,0.0,0.0,0.0,,0.0,0.0,0.0,,0.0,0.0,,0.0,0.0,,0.0,0.0,,0.0,0.0,,0.0,0.0,,0.0,0.0,,0.0,0.0,,0.0,0.0,,0.0,0.0,,0.0,0.0,,0.0,0.0,,0.0,0.0,,0.0,0.0,,0.0,0.0,,0.0,0.0,0.0,,0.0,0.0,0.0,,0.0,0.0,0.0,,0.0,0.0,,0.0,0.0,,0.0,0.0,,0.0,0.0,0.0,0.0,0.0,0.0,0.0,0.0,0.0,,0.0,0.0,,0.0,0.0,,0.0,0.0,,0.0,,0.0,,0.0,,0.0,,0.0,,0.0,,0.0,,0.0,,0.0,,0.0,,0.0,,0.0,,0.0,,0.0,,0.0,,0.0,0.0,,0.0,0.0,,0.0,0.0,,0.0,0.0,,0.0,0.0,,0.0,0.0,,0.0,0.0,,0.0,0.0,,0.0,0.0,,0,0,,0.0,0.0,0.0,,0.0,0.0,0.0,,0.0,0.0,0.0,,0.0,0.0,0.0,,0.0,0.0,0.0,,0.0,0,0.0,,,,,,,,,,,,,,,,,,,,,,,,,,,,,,,,,,,,,,,,,,,,,,,,,,,,,,,,,,,,,,,,,,,,,,,,,,,,,,,,,,,,,,,,,,,,,,,,,,,,,,,,,,,,,,,,,,,,,,,,,,,,,,,,,,,,,,,,,,,,,,,,,,,,,,,,,,,,,,,,,,,,,,,,,,,,,,,,,,,,,,,,,,,,,,,,,,,,,,,,,,,,
xQZ6uMAD,AZERBAIJAN,2023-2024,AZERBAIJAN CUP,AZERBAIJAN CUP,30/11/2023,,1/16-finals,Zaqatala,WUDXYotm,Shamakhi,6m4tx5iO,False,0,1,,,,,,[],[19],Betfair,3.75,2.4,2.25,Betano.br,3.0,2.72,2.5,Betfair,3.6,3.4,1.83,,0.0,0.0,Betano.br,2.18,1.5,,0.0,0.0,,0.0,0.0,,0.0,0.0,,0.0,0.0,Betfair,1.01,17.0,Betfair,1.08,6.5,Betfair,1.4,2.75,Betfair,2.1,1.65,Betfair,3.6,1.25,Betfair,1.44,2.6,,0.0,0.0,,0.0,0.0,Betano.br,1.62,1.26,1.36,Betano.br,1.38,1.53,1.29,,0.0,0.0,0.0,Betano.br,2.02,1.62,Betano.br,2.02,1.7,Betano.br,2.07,1.7,Betfair,6.0,13.0,14.0,9.0,7.0,5.0,23.0,13.0,2.75,Betano.br,1.83,1.8,,0.0,0.0,,0.0,0.0,Betfair,17.0,Betfair,15.0,Betfair,9.5,Betfair,8.0,Betfair,21.0,Betfair,10.0,Betfair,11.0,Betfair,7.0,Betfair,10.0,Betfair,36.0,Betfair,13.0,Betfair,21.0,Betfair,10.0,Betfair,21.0,Betfair,13.0,,0.0,0.0,,0.0,0.0,,0.0,0.0,,0.0,0.0,,0.0,0.0,,0.0,0.0,,0.0,0.0,,0.0,0.0,,0.0,0.0,,0,0,,0.0,0.0,0.0,,0.0,0.0,0.0,,0.0,0.0,0.0,,0.0,0.0,0.0,,0.0,0.0,0.0,,0.0,0,0.0,,,,,,,,,,,,,,,,,,,,,,,,,,,,,,,,,,,,,,,,,,,,,,,,,,,,,,,,,,,,,,,,,,,,,,,,,,,,,,,,,,,,,,,,,,,,,,,,,,,,,,,,,,,,,,,,,,,,,,,,,,,,,,,,,,,,,,,,,,,,,,,,,,,,,,,,,,,,,,,,,,,,,,,,,,,,,,,,,,,,,,,,,,,,,,,,,,,,,,,,,,,,
