Match_ID,Country,Season,Div,Sub_League,Tournament_ID,League,Date,Time,Round,Home,Home_ID,Away,Away_ID,Neutral_Location,Home_Score,Away_Score,LegMatch,First_Leg_Home_Score,First_Leg_Away_Score,Agg_Home_Score,Agg_Away_Score,Min_Goals_Home,Min_Goals_Away,Bookie_1X2_HT,Odd_1_HT,Odd_X_HT,Odd_2_HT,Bookie_1X2_2T,Odd_1_2T,Odd_X_2T,Odd_2_2T,Bookie_1X2_FT,Odd_1_FT,Odd_X_FT,Odd_2_FT,Bookie_OU_HT_0_5,Over_HT_0_5,Under_HT_0_5,Bookie_OU_HT_1_5,Over_HT_1_5,Under_HT_1_5,Bookie_OU_HT_2_5,Over_HT_2_5,Under_HT_2_5,Bookie_OU_2T_0_5,Over_2T_0_5,Under_2T_0_5,Bookie_OU_2T_1_5,Over_2T_1_5,Under_2T_1_5,Bookie_OU_2T_2_5,Over_2T_2_5,Under_2T_2_5,Bookie_OU_FT_0_5,Over_FT_0_5,Under_FT_0_5,Bookie_OU_FT_1_5,Over_FT_1_5,Under_FT_1_5,Bookie_OU_FT_2_5,Over_FT_2_5,Under_FT_2_5,Bookie_OU_FT_3_5,Over_FT_3_5,Under_FT_3_5,Bookie_OU_FT_4_5,Over_FT_4_5,Under_FT_4_5,Bookie_BTTS,BTTS_Yes,BTTS_No,Bookie_BTTS_HT,BTTS_Yes_HT,BTTS_No_HT,Bookie_BTTS_2T,BTTS_Yes_2T,BTTS_No_2T,Bookie_DC,DC_1X,DC_12,DC_X2,Bookie_DC_HT,DC_1X_HT,DC_12_HT,DC_X2_HT,Bookie_DC_2T,DC_1X_2T,DC_12_2T,DC_X2_2T,Bookie_DNB_FT,DNB_Home_FT,DNB_Away_FT,Bookie_DNB_HT,DNB_Home_HT,DNB_Away_HT,Bookie_DNB_2T,DNB_Home_2T,DNB_Away_2T,Bookie_HT_FT,HT_FT_1_1,HT_FT_1_X,HT_FT_1_2,HT_FT_X_1,HT_FT_X_X,HT_FT_X_2,HT_FT_2_1,HT_FT_2_X,HT_FT_2_2,Bookie_OE_FT,OE_Odd_FT,OE_Even_FT,Bookie_OE_HT,OE_Odd_HT,OE_Even_HT,Bookie_OE_2T,OE_Odd_2T,OE_Even_2T,Bookie_CS_0_0,CS_0_0,Bookie_CS_1_0,CS_1_0,Bookie_CS_0_1,CS_0_1,Bookie_CS_1_1,CS_1_1,Bookie_CS_2_0,CS_2_0,Bookie_CS_0_2,CS_0_2,Bookie_CS_2_1,CS_2_1,Bookie_CS_1_2,CS_1_2,Bookie_CS_2_2,CS_2_2,Bookie_CS_3_0,CS_3_0,Bookie_CS_0_3,CS_0_3,Bookie_CS_3_1,CS_3_1,Bookie_CS_1_3,CS_1_3,Bookie_CS_3_2,CS_3_2,Bookie_CS_2_3,CS_2_3,Bookie_AH_neg_2_5,AH_Home_neg_2_5,AH_Away_neg_2_5,Bookie_AH_neg_2_0,AH_Home_neg_2_0,AH_Away_neg_2_0,Bookie_AH_neg_1_5,AH_Home_neg_1_5,AH_Away_neg_1_5,Bookie_AH_neg_1_0,AH_Home_neg_1_0,AH_Away_neg_1_0,Bookie_AH_neg_0_5,AH_Home_neg_0_5,AH_Away_neg_0_5,Bookie_AH_pos_0_5,AH_Home_pos_0_5,AH_Away_pos_0_5,Bookie_AH_pos_1_0,AH_Home_pos_1_0,AH_Away_pos_1_0,Bookie_AH_pos_1_5,AH_Home_pos_1_5,AH_Away_pos_1_5,Bookie_AH_pos_2_0,AH_Home_pos_2_0,AH_Away_pos_2_0,Bookie_AH_pos_2_5,AH_Home_pos_2_5,AH_Away_pos_2_5,Bookie_EH_neg_3,EH_Home_neg_3,EH_Draw_neg_3,EH_Away_neg_3,Bookie_EH_neg_2,EH_Home_neg_2,EH_Draw_neg_2,EH_Away_neg_2,Bookie_EH_neg_1,EH_Home_neg_1,EH_Draw_neg_1,EH_Away_neg_1,Bookie_EH_pos_1,EH_Home_pos_1,EH_Draw_pos_1,EH_Away_pos_1,Bookie_EH_pos_2,EH_Home_pos_2,EH_Draw_pos_2,EH_Away_pos_2,Bookie_EH_pos_3,EH_Home_pos_3,EH_Draw_pos_3,EH_Away_pos_3,xG_Home_FT,xG_Away_FT,xGOT_Home_FT,xGOT_Away_FT,xA_Home_FT,xA_Away_FT,xGOT_Faced_Home_FT,xGOT_Faced_Away_FT,Goals_Prevented_Home_FT,Goals_Prevented_Away_FT,Possession_Home_FT,Possession_Away_FT,Passes_Pct_Home_FT,Passes_Pct_Away_FT,Long_Passes_Pct_Home_FT,Long_Passes_Pct_Away_FT,Passes_Final_Third_Pct_Home_FT,Passes_Final_Third_Pct_Away_FT,Through_Passes_Home_FT,Through_Passes_Away_FT,Crosses_Pct_Home_FT,Crosses_Pct_Away_FT,Total_Shots_Home_FT,Total_Shots_Away_FT,Shots_On_Target_Home_FT,Shots_On_Target_Away_FT,Shots_Off_Target_Home_FT,Shots_Off_Target_Away_FT,Blocked_Shots_Home_FT,Blocked_Shots_Away_FT,Shots_Inside_Box_Home_FT,Shots_Inside_Box_Away_FT,Shots_Outside_Box_Home_FT,Shots_Outside_Box_Away_FT,Big_Chances_Home_FT,Big_Chances_Away_FT,Hit_Woodwork_Home_FT,Hit_Woodwork_Away_FT,Touches_Box_Home_FT,Touches_Box_Away_FT,Corners_Home_FT,Corners_Away_FT,Free_Kicks_Home_FT,Free_Kicks_Away_FT,Throw_Ins_Home_FT,Throw_Ins_Away_FT,Fouls_Home_FT,Fouls_Away_FT,Yellow_Cards_Home_FT,Yellow_Cards_Away_FT,Red_Cards_Home_FT,Red_Cards_Away_FT,Offsides_Home_FT,Offsides_Away_FT,Goalkeeper_Saves_Home_FT,Goalkeeper_Saves_Away_FT,Tackles_Pct_Home_FT,Tackles_Pct_Away_FT,Duels_Won_Home_FT,Duels_Won_Away_FT,Clearances_Home_FT,Clearances_Away_FT,Interceptions_Home_FT,Interceptions_Away_FT,Errors_Shot_Home_FT,Errors_Shot_Away_FT,Errors_Goal_Home_FT,Errors_Goal_Away_FT,xG_Home_HT,xG_Away_HT,xGOT_Home_HT,xGOT_Away_HT,xA_Home_HT,xA_Away_HT,xGOT_Faced_Home_HT,xGOT_Faced_Away_HT,Goals_Prevented_Home_HT,Goals_Prevented_Away_HT,Possession_Home_HT,Possession_Away_HT,Passes_Pct_Home_HT,Passes_Pct_Away_HT,Long_Passes_Pct_Home_HT,Long_Passes_Pct_Away_HT,Passes_Final_Third_Pct_Home_HT,Passes_Final_Third_Pct_Away_HT,Through_Passes_Home_HT,Through_Passes_Away_HT,Crosses_Pct_Home_HT,Crosses_Pct_Away_HT,Total_Shots_Home_HT,Total_Shots_Away_HT,Shots_On_Target_Home_HT,Shots_On_Target_Away_HT,Shots_Off_Target_Home_HT,Shots_Off_Target_Away_HT,Blocked_Shots_Home_HT,Blocked_Shots_Away_HT,Shots_Inside_Box_Home_HT,Shots_Inside_Box_Away_HT,Shots_Outside_Box_Home_HT,Shots_Outside_Box_Away_HT,Big_Chances_Home_HT,Big_Chances_Away_HT,Hit_Woodwork_Home_HT,Hit_Woodwork_Away_HT,Touches_Box_Home_HT,Touches_Box_Away_HT,Corners_Home_HT,Corners_Away_HT,Free_Kicks_Home_HT,Free_Kicks_Away_HT,Throw_Ins_Home_HT,Throw_Ins_Away_HT,Fouls_Home_HT,Fouls_Away_HT,Yellow_Cards_Home_HT,Yellow_Cards_Away_HT,Red_Cards_Home_HT,Red_Cards_Away_HT,Offsides_Home_HT,Offsides_Away_HT,Goalkeeper_Saves_Home_HT,Goalkeeper_Saves_Away_HT,Tackles_Pct_Home_HT,Tackles_Pct_Away_HT,Duels_Won_Home_HT,Duels_Won_Away_HT,Clearances_Home_HT,Clearances_Away_HT,Interceptions_Home_HT,Interceptions_Away_HT,Errors_Shot_Home_HT,Errors_Shot_Away_HT,Errors_Goal_Home_HT,Errors_Goal_Away_HT,xG_Home_2T,xG_Away_2T,xGOT_Home_2T,xGOT_Away_2T,xA_Home_2T,xA_Away_2T,xGOT_Faced_Home_2T,xGOT_Faced_Away_2T,Goals_Prevented_Home_2T,Goals_Prevented_Away_2T,Possession_Home_2T,Possession_Away_2T,Passes_Pct_Home_2T,Passes_Pct_Away_2T,Long_Passes_Pct_Home_2T,Long_Passes_Pct_Away_2T,Passes_Final_Third_Pct_Home_2T,Passes_Final_Third_Pct_Away_2T,Through_Passes_Home_2T,Through_Passes_Away_2T,Crosses_Pct_Home_2T,Crosses_Pct_Away_2T,Total_Shots_Home_2T,Total_Shots_Away_2T,Shots_On_Target_Home_2T,Shots_On_Target_Away_2T,Shots_Off_Target_Home_2T,Shots_Off_Target_Away_2T,Blocked_Shots_Home_2T,Blocked_Shots_Away_2T,Shots_Inside_Box_Home_2T,Shots_Inside_Box_Away_2T,Shots_Outside_Box_Home_2T,Shots_Outside_Box_Away_2T,Big_Chances_Home_2T,Big_Chances_Away_2T,Hit_Woodwork_Home_2T,Hit_Woodwork_Away_2T,Touches_Box_Home_2T,Touches_Box_Away_2T,Corners_Home_2T,Corners_Away_2T,Free_Kicks_Home_2T,Free_Kicks_Away_2T,Throw_Ins_Home_2T,Throw_Ins_Away_2T,Fouls_Home_2T,Fouls_Away_2T,Yellow_Cards_Home_2T,Yellow_Cards_Away_2T,Red_Cards_Home_2T,Red_Cards_Away_2T,Offsides_Home_2T,Offsides_Away_2T,Goalkeeper_Saves_Home_2T,Goalkeeper_Saves_Away_2T,Tackles_Pct_Home_2T,Tackles_Pct_Away_2T,Duels_Won_Home_2T,Duels_Won_Away_2T,Clearances_Home_2T,Clearances_Away_2T,Interceptions_Home_2T,Interceptions_Away_2T,Errors_Shot_Home_2T,Errors_Shot_Away_2T,Errors_Goal_Home_2T,Errors_Goal_Away_2T
KIvHusgC,VIETNAM,2024/2025,VIETNAM 2,V League 2,659pm2N7,VIETNAM 2,21/06/2025,09:00,Round 22,Hoa Binh,OE9clfNc,Ho Chi Minh City,z5ftUOgs,False,2,0,,,,,,[],[],,0,0,0,,0,0,0,,0,0,0,,0,0,,0,0,,0,0,,0,0,,0,0,,0,0,,0,0,,0,0,,0,0,,0,0,,0,0,,0,0,,0,0,,0,0,,0,0,0,,0,0,0,,0,0,0,,0,0,,0,0,,0,0,,0,0,0,0,0,0,0,0,0,,0,0,,0,0,,0,0,,0,,0,,0,,0,,0,,0,,0,,0,,0,,0,,0,,0,,0,,0,,0,,0,0,,0,0,,0,0,,0,0,,0,0,,0,0,,0,0,,0,0,,0,0,,0,0,,0,0,0,,0,0,0,,0,0,0,,0,0,0,,0,0,0,,0,0,0,,,,,,,,,,,,,,,,,,,,,,,,,,,,,,,,,,,,,,,,,,,,,,,,,,,,,,,,,,,,,,,,,,,,,,,,,,,,,,,,,,,,,,,,,,,,,,,,,,,,,,,,,,,,,,,,,,,,,,,,,,,,,,,,,,,,,,,,,,,,,,,,,,,,,,,,,,,,,,,,,,,,,,,,,,,,,,,,,,,,,,,,,,,,,,,,,,,,,,,,,,,,
WvyqklR1,VIETNAM,2024/2025,VIETNAM 2,V League 2,659pm2N7,VIETNAM 2,11/05/2025,11:00,Round 18,Truong Tuoi Dong Nai,6g0U8aqi,Hue,OjxcKNsg,False,2,1,,,,,,[],[],,0,0,0,,0,0,0,,0,0,0,,0,0,,0,0,,0,0,,0,0,,0,0,,0,0,,0,0,,0,0,,0,0,,0,0,,0,0,,0,0,,0,0,,0,0,,0,0,0,,0,0,0,,0,0,0,,0,0,,0,0,,0,0,,0,0,0,0,0,0,0,0,0,,0,0,,0,0,,0,0,,0,,0,,0,,0,,0,,0,,0,,0,,0,,0,,0,,0,,0,,0,,0,,0,0,,0,0,,0,0,,0,0,,0,0,,0,0,,0,0,,0,0,,0,0,,0,0,,0,0,0,,0,0,0,,0,0,0,,0,0,0,,0,0,0,,0,0,0,,,,,,,,,,,,,,,,,,,,,,,,,,,,,,,,,,,,,,,,,,,,,,,,,,,,,,,,,,,,,,,,,,,,,,,,,,,,,,,,,,,,,,,,,,,,,,,,,,,,,,,,,,,,,,,,,,,,,,,,,,,,,,,,,,,,,,,,,,,,,,,,,,,,,,,,,,,,,,,,,,,,,,,,,,,,,,,,,,,,,,,,,,,,,,,,,,,,,,,,,,,,
feT7E4fD,VIETNAM,2024/2025,VIETNAM 2,V League 2,659pm2N7,VIETNAM 2,26/05/2025,09:00,Round 20,Dong Nai,fydUYIh4,Phu Dong Ninh Binh,GtBp2ZoS,False,0,1,,,,,,[],[],,0,0,0,,0,0,0,,0,0,0,,0,0,,0,0,,0,0,,0,0,,0,0,,0,0,,0,0,,0,0,,0,0,,0,0,,0,0,,0,0,,0,0,,0,0,,0,0,0,,0,0,0,,0,0,0,,0,0,,0,0,,0,0,,0,0,0,0,0,0,0,0,0,,0,0,,0,0,,0,0,,0,,0,,0,,0,,0,,0,,0,,0,,0,,0,,0,,0,,0,,0,,0,,0,0,,0,0,,0,0,,0,0,,0,0,,0,0,,0,0,,0,0,,0,0,,0,0,,0,0,0,,0,0,0,,0,0,0,,0,0,0,,0,0,0,,0,0,0,,,,,,,,,,,,,,,,,,,,,,,,,,,,,,,,,,,,,,,,,,,,,,,,,,,,,,,,,,,,,,,,,,,,,,,,,,,,,,,,,,,,,,,,,,,,,,,,,,,,,,,,,,,,,,,,,,,,,,,,,,,,,,,,,,,,,,,,,,,,,,,,,,,,,,,,,,,,,,,,,,,,,,,,,,,,,,,,,,,,,,,,,,,,,,,,,,,,,,,,,,,,
2NHebXnI,VIETNAM,2024/2025,VIETNAM 2,V League 2,659pm2N7,VIETNAM 2,27/04/2025,09:00,Round 16,Ho Chi Minh City,z5ftUOgs,Long An,40Z46ke6,False,0,0,,,,,,[],[],,0,0,0,,0,0,0,,0,0,0,,0,0,,0,0,,0,0,,0,0,,0,0,,0,0,,0,0,,0,0,,0,0,,0,0,,0,0,,0,0,,0,0,,0,0,,0,0,0,,0,0,0,,0,0,0,,0,0,,0,0,,0,0,,0,0,0,0,0,0,0,0,0,,0,0,,0,0,,0,0,,0,,0,,0,,0,,0,,0,,0,,0,,0,,0,,0,,0,,0,,0,,0,,0,0,,0,0,,0,0,,0,0,,0,0,,0,0,,0,0,,0,0,,0,0,,0,0,,0,0,0,,0,0,0,,0,0,0,,0,0,0,,0,0,0,,0,0,0,,,,,,,,,,,,,,,,,,,,,,,,,,,,,,,,,,,,,,,,,,,,,,,,,,,,,,,,,,,,,,,,,,,,,,,,,,,,,,,,,,,,,,,,,,,,,,,,,,,,,,,,,,,,,,,,,,,,,,,,,,,,,,,,,,,,,,,,,,,,,,,,,,,,,,,,,,,,,,,,,,,,,,,,,,,,,,,,,,,,,,,,,,,,,,,,,,,,,,,,,,,,
fiVv2Fmg,VIETNAM,2024/2025,VIETNAM 2,V League 2,659pm2N7,VIETNAM 2,26/04/2025,11:00,Round 16,Truong Tuoi Dong Nai,6g0U8aqi,Dong Thap,lvKbDDmQ,False,2,0,,,,,,[],[],,0,0,0,,0,0,0,,0,0,0,,0,0,,0,0,,0,0,,0,0,,0,0,,0,0,,0,0,,0,0,,0,0,,0,0,,0,0,,0,0,,0,0,,0,0,,0,0,0,,0,0,0,,0,0,0,,0,0,,0,0,,0,0,,0,0,0,0,0,0,0,0,0,,0,0,,0,0,,0,0,,0,,0,,0,,0,,0,,0,,0,,0,,0,,0,,0,,0,,0,,0,,0,,0,0,,0,0,,0,0,,0,0,,0,0,,0,0,,0,0,,0,0,,0,0,,0,0,,0,0,0,,0,0,0,,0,0,0,,0,0,0,,0,0,0,,0,0,0,,,,,,,,,,,,,,,,,,,,,,,,,,,,,,,,,,,,,,,,,,,,,,,,,,,,,,,,,,,,,,,,,,,,,,,,,,,,,,,,,,,,,,,,,,,,,,,,,,,,,,,,,,,,,,,,,,,,,,,,,,,,,,,,,,,,,,,,,,,,,,,,,,,,,,,,,,,,,,,,,,,,,,,,,,,,,,,,,,,,,,,,,,,,,,,,,,,,,,,,,,,,
G6Jm0gI5,VIETNAM,2024/2025,VIETNAM 2,V League 2,659pm2N7,VIETNAM 2,26/04/2025,10:00,Round 16,Khanh Hoa,Myp07Vu0,Hue,OjxcKNsg,False,0,2,,,,,,[],[],,0,0,0,,0,0,0,,0,0,0,,0,0,,0,0,,0,0,,0,0,,0,0,,0,0,,0,0,,0,0,,0,0,,0,0,,0,0,,0,0,,0,0,,0,0,,0,0,0,,0,0,0,,0,0,0,,0,0,,0,0,,0,0,,0,0,0,0,0,0,0,0,0,,0,0,,0,0,,0,0,,0,,0,,0,,0,,0,,0,,0,,0,,0,,0,,0,,0,,0,,0,,0,,0,0,,0,0,,0,0,,0,0,,0,0,,0,0,,0,0,,0,0,,0,0,,0,0,,0,0,0,,0,0,0,,0,0,0,,0,0,0,,0,0,0,,0,0,0,,,,,,,,,,,,,,,,,,,,,,,,,,,,,,,,,,,,,,,,,,,,,,,,,,,,,,,,,,,,,,,,,,,,,,,,,,,,,,,,,,,,,,,,,,,,,,,,,,,,,,,,,,,,,,,,,,,,,,,,,,,,,,,,,,,,,,,,,,,,,,,,,,,,,,,,,,,,,,,,,,,,,,,,,,,,,,,,,,,,,,,,,,,,,,,,,,,,,,,,,,,,
8bgsT396,VIETNAM,2024/2025,VIETNAM 2,V League 2,659pm2N7,VIETNAM 2,14/06/2025,09:00,Round 21,Khanh Hoa,Myp07Vu0,PVF-CAND,WSRPbuTF,False,0,1,,,,,,[],[],,0,0,0,,0,0,0,,0,0,0,,0,0,,0,0,,0,0,,0,0,,0,0,,0,0,,0,0,,0,0,,0,0,,0,0,,0,0,,0,0,,0,0,,0,0,,0,0,0,,0,0,0,,0,0,0,,0,0,,0,0,,0,0,,0,0,0,0,0,0,0,0,0,,0,0,,0,0,,0,0,,0,,0,,0,,0,,0,,0,,0,,0,,0,,0,,0,,0,,0,,0,,0,,0,0,,0,0,,0,0,,0,0,,0,0,,0,0,,0,0,,0,0,,0,0,,0,0,,0,0,0,,0,0,0,,0,0,0,,0,0,0,,0,0,0,,0,0,0,,,,,,,,,,,,,,,,,,,,,,,,,,,,,,,,,,,,,,,,,,,,,,,,,,,,,,,,,,,,,,,,,,,,,,,,,,,,,,,,,,,,,,,,,,,,,,,,,,,,,,,,,,,,,,,,,,,,,,,,,,,,,,,,,,,,,,,,,,,,,,,,,,,,,,,,,,,,,,,,,,,,,,,,,,,,,,,,,,,,,,,,,,,,,,,,,,,,,,,,,,,,
OjowBAWN,VIETNAM,2024/2025,VIETNAM 2,V League 2,659pm2N7,VIETNAM 2,03/05/2025,09:00,Round 17,Dong Thap,lvKbDDmQ,Khanh Hoa,Myp07Vu0,False,1,2,,,,,,[],[],,0,0,0,,0,0,0,,0,0,0,,0,0,,0,0,,0,0,,0,0,,0,0,,0,0,,0,0,,0,0,,0,0,,0,0,,0,0,,0,0,,0,0,,0,0,,0,0,0,,0,0,0,,0,0,0,,0,0,,0,0,,0,0,,0,0,0,0,0,0,0,0,0,,0,0,,0,0,,0,0,,0,,0,,0,,0,,0,,0,,0,,0,,0,,0,,0,,0,,0,,0,,0,,0,0,,0,0,,0,0,,0,0,,0,0,,0,0,,0,0,,0,0,,0,0,,0,0,,0,0,0,,0,0,0,,0,0,0,,0,0,0,,0,0,0,,0,0,0,,,,,,,,,,,,,,,,,,,,,,,,,,,,,,,,,,,,,,,,,,,,,,,,,,,,,,,,,,,,,,,,,,,,,,,,,,,,,,,,,,,,,,,,,,,,,,,,,,,,,,,,,,,,,,,,,,,,,,,,,,,,,,,,,,,,,,,,,,,,,,,,,,,,,,,,,,,,,,,,,,,,,,,,,,,,,,,,,,,,,,,,,,,,,,,,,,,,,,,,,,,,
lG7959Br,VIETNAM,2024/2025,VIETNAM 2,V League 2,659pm2N7,VIETNAM 2,17/05/2025,11:00,Round 19,Hoa Binh,OE9clfNc,Dong Nai,fydUYIh4,False,2,2,,,,,,[],[],,0,0,0,,0,0,0,,0,0,0,,0,0,,0,0,,0,0,,0,0,,0,0,,0,0,,0,0,,0,0,,0,0,,0,0,,0,0,,0,0,,0,0,,0,0,,0,0,0,,0,0,0,,0,0,0,,0,0,,0,0,,0,0,,0,0,0,0,0,0,0,0,0,,0,0,,0,0,,0,0,,0,,0,,0,,0,,0,,0,,0,,0,,0,,0,,0,,0,,0,,0,,0,,0,0,,0,0,,0,0,,0,0,,0,0,,0,0,,0,0,,0,0,,0,0,,0,0,,0,0,0,,0,0,0,,0,0,0,,0,0,0,,0,0,0,,0,0,0,,,,,,,,,,,,,,,,,,,,,,,,,,,,,,,,,,,,,,,,,,,,,,,,,,,,,,,,,,,,,,,,,,,,,,,,,,,,,,,,,,,,,,,,,,,,,,,,,,,,,,,,,,,,,,,,,,,,,,,,,,,,,,,,,,,,,,,,,,,,,,,,,,,,,,,,,,,,,,,,,,,,,,,,,,,,,,,,,,,,,,,,,,,,,,,,,,,,,,,,,,,,
80dMqYXO,VIETNAM,2024/2025,VIETNAM 2,V League 2,659pm2N7,VIETNAM 2,20/04/2025,09:00,Round 15,Dong Thap,lvKbDDmQ,Hue,OjxcKNsg,False,3,0,,,,,,[],[],,0,0,0,,0,0,0,,0,0,0,,0,0,,0,0,,0,0,,0,0,,0,0,,0,0,,0,0,,0,0,,0,0,,0,0,,0,0,,0,0,,0,0,,0,0,,0,0,0,,0,0,0,,0,0,0,,0,0,,0,0,,0,0,,0,0,0,0,0,0,0,0,0,,0,0,,0,0,,0,0,,0,,0,,0,,0,,0,,0,,0,,0,,0,,0,,0,,0,,0,,0,,0,,0,0,,0,0,,0,0,,0,0,,0,0,,0,0,,0,0,,0,0,,0,0,,0,0,,0,0,0,,0,0,0,,0,0,0,,0,0,0,,0,0,0,,0,0,0,,,,,,,,,,,,,,,,,,,,,,,,,,,,,,,,,,,,,,,,,,,,,,,,,,,,,,,,,,,,,,,,,,,,,,,,,,,,,,,,,,,,,,,,,,,,,,,,,,,,,,,,,,,,,,,,,,,,,,,,,,,,,,,,,,,,,,,,,,,,,,,,,,,,,,,,,,,,,,,,,,,,,,,,,,,,,,,,,,,,,,,,,,,,,,,,,,,,,,,,,,,,
tl55mGYa,VIETNAM,2024/2025,VIETNAM 2,V League 2,659pm2N7,VIETNAM 2,20/04/2025,11:00,Round 15,Truong Tuoi Dong Nai,6g0U8aqi,Hoa Binh,OE9clfNc,False,2,1,,,,,,[],[],,0,0,0,,0,0,0,,0,0,0,,0,0,,0,0,,0,0,,0,0,,0,0,,0,0,,0,0,,0,0,,0,0,,0,0,,0,0,,0,0,,0,0,,0,0,,0,0,0,,0,0,0,,0,0,0,,0,0,,0,0,,0,0,,0,0,0,0,0,0,0,0,0,,0,0,,0,0,,0,0,,0,,0,,0,,0,,0,,0,,0,,0,,0,,0,,0,,0,,0,,0,,0,,0,0,,0,0,,0,0,,0,0,,0,0,,0,0,,0,0,,0,0,,0,0,,0,0,,0,0,0,,0,0,0,,0,0,0,,0,0,0,,0,0,0,,0,0,0,,,,,,,,,,,,,,,,,,,,,,,,,,,,,,,,,,,,,,,,,,,,,,,,,,,,,,,,,,,,,,,,,,,,,,,,,,,,,,,,,,,,,,,,,,,,,,,,,,,,,,,,,,,,,,,,,,,,,,,,,,,,,,,,,,,,,,,,,,,,,,,,,,,,,,,,,,,,,,,,,,,,,,,,,,,,,,,,,,,,,,,,,,,,,,,,,,,,,,,,,,,,
nRRW3yJt,VIETNAM,2024/2025,VIETNAM 2,V League 2,659pm2N7,VIETNAM 2,20/04/2025,08:30,Round 15,PVF-CAND,WSRPbuTF,Long An,40Z46ke6,False,3,0,,,,,,[],[],,0,0,0,,0,0,0,,0,0,0,,0,0,,0,0,,0,0,,0,0,,0,0,,0,0,,0,0,,0,0,,0,0,,0,0,,0,0,,0,0,,0,0,,0,0,,0,0,0,,0,0,0,,0,0,0,,0,0,,0,0,,0,0,,0,0,0,0,0,0,0,0,0,,0,0,,0,0,,0,0,,0,,0,,0,,0,,0,,0,,0,,0,,0,,0,,0,,0,,0,,0,,0,,0,0,,0,0,,0,0,,0,0,,0,0,,0,0,,0,0,,0,0,,0,0,,0,0,,0,0,0,,0,0,0,,0,0,0,,0,0,0,,0,0,0,,0,0,0,,,,,,,,,,,,,,,,,,,,,,,,,,,,,,,,,,,,,,,,,,,,,,,,,,,,,,,,,,,,,,,,,,,,,,,,,,,,,,,,,,,,,,,,,,,,,,,,,,,,,,,,,,,,,,,,,,,,,,,,,,,,,,,,,,,,,,,,,,,,,,,,,,,,,,,,,,,,,,,,,,,,,,,,,,,,,,,,,,,,,,,,,,,,,,,,,,,,,,,,,,,,
MqYvXflJ,VIETNAM,2024/2025,VIETNAM 2,V League 2,659pm2N7,VIETNAM 2,13/04/2025,11:00,Round 14,Hoa Binh,OE9clfNc,PVF-CAND,WSRPbuTF,False,2,4,,,,,,[],[],,0,0,0,,0,0,0,,0,0,0,,0,0,,0,0,,0,0,,0,0,,0,0,,0,0,,0,0,,0,0,,0,0,,0,0,,0,0,,0,0,,0,0,,0,0,,0,0,0,,0,0,0,,0,0,0,,0,0,,0,0,,0,0,,0,0,0,0,0,0,0,0,0,,0,0,,0,0,,0,0,,0,,0,,0,,0,,0,,0,,0,,0,,0,,0,,0,,0,,0,,0,,0,,0,0,,0,0,,0,0,,0,0,,0,0,,0,0,,0,0,,0,0,,0,0,,0,0,,0,0,0,,0,0,0,,0,0,0,,0,0,0,,0,0,0,,0,0,0,,,,,,,,,,,,,,,,,,,,,,,,,,,,,,,,,,,,,,,,,,,,,,,,,,,,,,,,,,,,,,,,,,,,,,,,,,,,,,,,,,,,,,,,,,,,,,,,,,,,,,,,,,,,,,,,,,,,,,,,,,,,,,,,,,,,,,,,,,,,,,,,,,,,,,,,,,,,,,,,,,,,,,,,,,,,,,,,,,,,,,,,,,,,,,,,,,,,,,,,,,,,
rJ4Wzwkf,VIETNAM,2024/2025,VIETNAM 2,V League 2,659pm2N7,VIETNAM 2,12/04/2025,09:00,Round 14,Long An,40Z46ke6,Phu Dong Ninh Binh,GtBp2ZoS,False,0,2,,,,,,[],[],,0,0,0,,0,0,0,,0,0,0,,0,0,,0,0,,0,0,,0,0,,0,0,,0,0,,0,0,,0,0,,0,0,,0,0,,0,0,,0,0,,0,0,,0,0,,0,0,0,,0,0,0,,0,0,0,,0,0,,0,0,,0,0,,0,0,0,0,0,0,0,0,0,,0,0,,0,0,,0,0,,0,,0,,0,,0,,0,,0,,0,,0,,0,,0,,0,,0,,0,,0,,0,,0,0,,0,0,,0,0,,0,0,,0,0,,0,0,,0,0,,0,0,,0,0,,0,0,,0,0,0,,0,0,0,,0,0,0,,0,0,0,,0,0,0,,0,0,0,,,,,,,,,,,,,,,,,,,,,,,,,,,,,,,,,,,,,,,,,,,,,,,,,,,,,,,,,,,,,,,,,,,,,,,,,,,,,,,,,,,,,,,,,,,,,,,,,,,,,,,,,,,,,,,,,,,,,,,,,,,,,,,,,,,,,,,,,,,,,,,,,,,,,,,,,,,,,,,,,,,,,,,,,,,,,,,,,,,,,,,,,,,,,,,,,,,,,,,,,,,,
GW2vZGJ6,VIETNAM,2024/2025,VIETNAM 2,V League 2,659pm2N7,VIETNAM 2,12/04/2025,10:00,Round 14,Khanh Hoa,Myp07Vu0,Truong Tuoi Dong Nai,6g0U8aqi,False,0,2,,,,,,[],[],,0,0,0,,0,0,0,,0,0,0,,0,0,,0,0,,0,0,,0,0,,0,0,,0,0,,0,0,,0,0,,0,0,,0,0,,0,0,,0,0,,0,0,,0,0,,0,0,0,,0,0,0,,0,0,0,,0,0,,0,0,,0,0,,0,0,0,0,0,0,0,0,0,,0,0,,0,0,,0,0,,0,,0,,0,,0,,0,,0,,0,,0,,0,,0,,0,,0,,0,,0,,0,,0,0,,0,0,,0,0,,0,0,,0,0,,0,0,,0,0,,0,0,,0,0,,0,0,,0,0,0,,0,0,0,,0,0,0,,0,0,0,,0,0,0,,0,0,0,,,,,,,,,,,,,,,,,,,,,,,,,,,,,,,,,,,,,,,,,,,,,,,,,,,,,,,,,,,,,,,,,,,,,,,,,,,,,,,,,,,,,,,,,,,,,,,,,,,,,,,,,,,,,,,,,,,,,,,,,,,,,,,,,,,,,,,,,,,,,,,,,,,,,,,,,,,,,,,,,,,,,,,,,,,,,,,,,,,,,,,,,,,,,,,,,,,,,,,,,,,,
YN1ckx4m,VIETNAM,2024/2025,VIETNAM 2,V League 2,659pm2N7,VIETNAM 2,19/04/2025,09:00,Round 15,Dong Nai,fydUYIh4,Ho Chi Minh City,z5ftUOgs,False,4,0,,,,,,[],[],,0,0,0,,0,0,0,,0,0,0,,0,0,,0,0,,0,0,,0,0,,0,0,,0,0,,0,0,,0,0,,0,0,,0,0,,0,0,,0,0,,0,0,,0,0,,0,0,0,,0,0,0,,0,0,0,,0,0,,0,0,,0,0,,0,0,0,0,0,0,0,0,0,,0,0,,0,0,,0,0,,0,,0,,0,,0,,0,,0,,0,,0,,0,,0,,0,,0,,0,,0,,0,,0,0,,0,0,,0,0,,0,0,,0,0,,0,0,,0,0,,0,0,,0,0,,0,0,,0,0,0,,0,0,0,,0,0,0,,0,0,0,,0,0,0,,0,0,0,,,,,,,,,,,,,,,,,,,,,,,,,,,,,,,,,,,,,,,,,,,,,,,,,,,,,,,,,,,,,,,,,,,,,,,,,,,,,,,,,,,,,,,,,,,,,,,,,,,,,,,,,,,,,,,,,,,,,,,,,,,,,,,,,,,,,,,,,,,,,,,,,,,,,,,,,,,,,,,,,,,,,,,,,,,,,,,,,,,,,,,,,,,,,,,,,,,,,,,,,,,,
ljQQfbtQ,VIETNAM,2024/2025,VIETNAM 2,V League 2,659pm2N7,VIETNAM 2,13/04/2025,11:00,Round 14,Ho Chi Minh 2,IiSwji56,Dong Thap,lvKbDDmQ,False,2,2,,,,,,[],[],,0,0,0,,0,0,0,,0,0,0,,0,0,,0,0,,0,0,,0,0,,0,0,,0,0,,0,0,,0,0,,0,0,,0,0,,0,0,,0,0,,0,0,,0,0,,0,0,0,,0,0,0,,0,0,0,,0,0,,0,0,,0,0,,0,0,0,0,0,0,0,0,0,,0,0,,0,0,,0,0,,0,,0,,0,,0,,0,,0,,0,,0,,0,,0,,0,,0,,0,,0,,0,,0,0,,0,0,,0,0,,0,0,,0,0,,0,0,,0,0,,0,0,,0,0,,0,0,,0,0,0,,0,0,0,,0,0,0,,0,0,0,,0,0,0,,0,0,0,,,,,,,,,,,,,,,,,,,,,,,,,,,,,,,,,,,,,,,,,,,,,,,,,,,,,,,,,,,,,,,,,,,,,,,,,,,,,,,,,,,,,,,,,,,,,,,,,,,,,,,,,,,,,,,,,,,,,,,,,,,,,,,,,,,,,,,,,,,,,,,,,,,,,,,,,,,,,,,,,,,,,,,,,,,,,,,,,,,,,,,,,,,,,,,,,,,,,,,,,,,,
zmbEof3C,VIETNAM,2024/2025,VIETNAM 2,V League 2,659pm2N7,VIETNAM 2,19/04/2025,11:00,Round 15,Phu Dong Ninh Binh,GtBp2ZoS,Khanh Hoa,Myp07Vu0,False,2,0,,,,,,[],[],,0,0,0,,0,0,0,,0,0,0,,0,0,,0,0,,0,0,,0,0,,0,0,,0,0,,0,0,,0,0,,0,0,,0,0,,0,0,,0,0,,0,0,,0,0,,0,0,0,,0,0,0,,0,0,0,,0,0,,0,0,,0,0,,0,0,0,0,0,0,0,0,0,,0,0,,0,0,,0,0,,0,,0,,0,,0,,0,,0,,0,,0,,0,,0,,0,,0,,0,,0,,0,,0,0,,0,0,,0,0,,0,0,,0,0,,0,0,,0,0,,0,0,,0,0,,0,0,,0,0,0,,0,0,0,,0,0,0,,0,0,0,,0,0,0,,0,0,0,,,,,,,,,,,,,,,,,,,,,,,,,,,,,,,,,,,,,,,,,,,,,,,,,,,,,,,,,,,,,,,,,,,,,,,,,,,,,,,,,,,,,,,,,,,,,,,,,,,,,,,,,,,,,,,,,,,,,,,,,,,,,,,,,,,,,,,,,,,,,,,,,,,,,,,,,,,,,,,,,,,,,,,,,,,,,,,,,,,,,,,,,,,,,,,,,,,,,,,,,,,,
niBNxaKs,VIETNAM,2024/2025,VIETNAM 2,V League 2,659pm2N7,VIETNAM 2,12/04/2025,08:30,Round 14,Hue,OjxcKNsg,Dong Nai,fydUYIh4,False,0,1,,,,,,[],[],,0,0,0,,0,0,0,,0,0,0,,0,0,,0,0,,0,0,,0,0,,0,0,,0,0,,0,0,,0,0,,0,0,,0,0,,0,0,,0,0,,0,0,,0,0,,0,0,0,,0,0,0,,0,0,0,,0,0,,0,0,,0,0,,0,0,0,0,0,0,0,0,0,,0,0,,0,0,,0,0,,0,,0,,0,,0,,0,,0,,0,,0,,0,,0,,0,,0,,0,,0,,0,,0,0,,0,0,,0,0,,0,0,,0,0,,0,0,,0,0,,0,0,,0,0,,0,0,,0,0,0,,0,0,0,,0,0,0,,0,0,0,,0,0,0,,0,0,0,,,,,,,,,,,,,,,,,,,,,,,,,,,,,,,,,,,,,,,,,,,,,,,,,,,,,,,,,,,,,,,,,,,,,,,,,,,,,,,,,,,,,,,,,,,,,,,,,,,,,,,,,,,,,,,,,,,,,,,,,,,,,,,,,,,,,,,,,,,,,,,,,,,,,,,,,,,,,,,,,,,,,,,,,,,,,,,,,,,,,,,,,,,,,,,,,,,,,,,,,,,,
fa3eZPDk,VIETNAM,2024/2025,VIETNAM 2,V League 2,659pm2N7,VIETNAM 2,06/04/2025,11:00,Round 13,Phu Dong Ninh Binh,GtBp2ZoS,Ho Chi Minh City,z5ftUOgs,False,5,0,,,,,,[],[],,0,0,0,,0,0,0,,0,0,0,,0,0,,0,0,,0,0,,0,0,,0,0,,0,0,,0,0,,0,0,,0,0,,0,0,,0,0,,0,0,,0,0,,0,0,,0,0,0,,0,0,0,,0,0,0,,0,0,,0,0,,0,0,,0,0,0,0,0,0,0,0,0,,0,0,,0,0,,0,0,,0,,0,,0,,0,,0,,0,,0,,0,,0,,0,,0,,0,,0,,0,,0,,0,0,,0,0,,0,0,,0,0,,0,0,,0,0,,0,0,,0,0,,0,0,,0,0,,0,0,0,,0,0,0,,0,0,0,,0,0,0,,0,0,0,,0,0,0,,,,,,,,,,,,,,,,,,,,,,,,,,,,,,,,,,,,,,,,,,,,,,,,,,,,,,,,,,,,,,,,,,,,,,,,,,,,,,,,,,,,,,,,,,,,,,,,,,,,,,,,,,,,,,,,,,,,,,,,,,,,,,,,,,,,,,,,,,,,,,,,,,,,,,,,,,,,,,,,,,,,,,,,,,,,,,,,,,,,,,,,,,,,,,,,,,,,,,,,,,,,
zFMOvnjS,VIETNAM,2024/2025,VIETNAM 2,V League 2,659pm2N7,VIETNAM 2,06/04/2025,11:00,Round 13,Truong Tuoi Dong Nai,6g0U8aqi,Ho Chi Minh 2,IiSwji56,False,2,0,,,,,,[],[],,0,0,0,,0,0,0,,0,0,0,,0,0,,0,0,,0,0,,0,0,,0,0,,0,0,,0,0,,0,0,,0,0,,0,0,,0,0,,0,0,,0,0,,0,0,,0,0,0,,0,0,0,,0,0,0,,0,0,,0,0,,0,0,,0,0,0,0,0,0,0,0,0,,0,0,,0,0,,0,0,,0,,0,,0,,0,,0,,0,,0,,0,,0,,0,,0,,0,,0,,0,,0,,0,0,,0,0,,0,0,,0,0,,0,0,,0,0,,0,0,,0,0,,0,0,,0,0,,0,0,0,,0,0,0,,0,0,0,,0,0,0,,0,0,0,,0,0,0,,,,,,,,,,,,,,,,,,,,,,,,,,,,,,,,,,,,,,,,,,,,,,,,,,,,,,,,,,,,,,,,,,,,,,,,,,,,,,,,,,,,,,,,,,,,,,,,,,,,,,,,,,,,,,,,,,,,,,,,,,,,,,,,,,,,,,,,,,,,,,,,,,,,,,,,,,,,,,,,,,,,,,,,,,,,,,,,,,,,,,,,,,,,,,,,,,,,,,,,,,,,
6ZU7rUj3,VIETNAM,2024/2025,VIETNAM 2,V League 2,659pm2N7,VIETNAM 2,09/03/2025,10:00,Round 12,Hoa Binh,OE9clfNc,Dong Thap,lvKbDDmQ,False,0,0,,,,,,[],[],,0,0,0,,0,0,0,,0,0,0,,0,0,,0,0,,0,0,,0,0,,0,0,,0,0,,0,0,,0,0,,0,0,,0,0,,0,0,,0,0,,0,0,,0,0,,0,0,0,,0,0,0,,0,0,0,,0,0,,0,0,,0,0,,0,0,0,0,0,0,0,0,0,,0,0,,0,0,,0,0,,0,,0,,0,,0,,0,,0,,0,,0,,0,,0,,0,,0,,0,,0,,0,,0,0,,0,0,,0,0,,0,0,,0,0,,0,0,,0,0,,0,0,,0,0,,0,0,,0,0,0,,0,0,0,,0,0,0,,0,0,0,,0,0,0,,0,0,0,,,,,,,,,,,,,,,,,,,,,,,,,,,,,,,,,,,,,,,,,,,,,,,,,,,,,,,,,,,,,,,,,,,,,,,,,,,,,,,,,,,,,,,,,,,,,,,,,,,,,,,,,,,,,,,,,,,,,,,,,,,,,,,,,,,,,,,,,,,,,,,,,,,,,,,,,,,,,,,,,,,,,,,,,,,,,,,,,,,,,,,,,,,,,,,,,,,,,,,,,,,,
0xrMKQbd,VIETNAM,2024/2025,VIETNAM 2,V League 2,659pm2N7,VIETNAM 2,09/03/2025,08:00,Round 12,Hue,OjxcKNsg,Phu Dong Ninh Binh,GtBp2ZoS,False,0,2,,,,,,[],[],,0,0,0,,0,0,0,,0,0,0,,0,0,,0,0,,0,0,,0,0,,0,0,,0,0,,0,0,,0,0,,0,0,,0,0,,0,0,,0,0,,0,0,,0,0,,0,0,0,,0,0,0,,0,0,0,,0,0,,0,0,,0,0,,0,0,0,0,0,0,0,0,0,,0,0,,0,0,,0,0,,0,,0,,0,,0,,0,,0,,0,,0,,0,,0,,0,,0,,0,,0,,0,,0,0,,0,0,,0,0,,0,0,,0,0,,0,0,,0,0,,0,0,,0,0,,0,0,,0,0,0,,0,0,0,,0,0,0,,0,0,0,,0,0,0,,0,0,0,,,,,,,,,,,,,,,,,,,,,,,,,,,,,,,,,,,,,,,,,,,,,,,,,,,,,,,,,,,,,,,,,,,,,,,,,,,,,,,,,,,,,,,,,,,,,,,,,,,,,,,,,,,,,,,,,,,,,,,,,,,,,,,,,,,,,,,,,,,,,,,,,,,,,,,,,,,,,,,,,,,,,,,,,,,,,,,,,,,,,,,,,,,,,,,,,,,,,,,,,,,,
8v3sS86M,VIETNAM,2024/2025,VIETNAM 2,V League 2,659pm2N7,VIETNAM 2,08/03/2025,09:00,Round 12,Ho Chi Minh City,z5ftUOgs,Truong Tuoi Dong Nai,6g0U8aqi,False,0,3,,,,,,[],[],,0,0,0,,0,0,0,,0,0,0,,0,0,,0,0,,0,0,,0,0,,0,0,,0,0,,0,0,,0,0,,0,0,,0,0,,0,0,,0,0,,0,0,,0,0,,0,0,0,,0,0,0,,0,0,0,,0,0,,0,0,,0,0,,0,0,0,0,0,0,0,0,0,,0,0,,0,0,,0,0,,0,,0,,0,,0,,0,,0,,0,,0,,0,,0,,0,,0,,0,,0,,0,,0,0,,0,0,,0,0,,0,0,,0,0,,0,0,,0,0,,0,0,,0,0,,0,0,,0,0,0,,0,0,0,,0,0,0,,0,0,0,,0,0,0,,0,0,0,,,,,,,,,,,,,,,,,,,,,,,,,,,,,,,,,,,,,,,,,,,,,,,,,,,,,,,,,,,,,,,,,,,,,,,,,,,,,,,,,,,,,,,,,,,,,,,,,,,,,,,,,,,,,,,,,,,,,,,,,,,,,,,,,,,,,,,,,,,,,,,,,,,,,,,,,,,,,,,,,,,,,,,,,,,,,,,,,,,,,,,,,,,,,,,,,,,,,,,,,,,,
CC9YTUyA,VIETNAM,2024/2025,VIETNAM 2,V League 2,659pm2N7,VIETNAM 2,08/03/2025,09:00,Round 12,Long An,40Z46ke6,Dong Nai,fydUYIh4,False,0,0,,,,,,[],[],,0,0,0,,0,0,0,,0,0,0,,0,0,,0,0,,0,0,,0,0,,0,0,,0,0,,0,0,,0,0,,0,0,,0,0,,0,0,,0,0,,0,0,,0,0,,0,0,0,,0,0,0,,0,0,0,,0,0,,0,0,,0,0,,0,0,0,0,0,0,0,0,0,,0,0,,0,0,,0,0,,0,,0,,0,,0,,0,,0,,0,,0,,0,,0,,0,,0,,0,,0,,0,,0,0,,0,0,,0,0,,0,0,,0,0,,0,0,,0,0,,0,0,,0,0,,0,0,,0,0,0,,0,0,0,,0,0,0,,0,0,0,,0,0,0,,0,0,0,,,,,,,,,,,,,,,,,,,,,,,,,,,,,,,,,,,,,,,,,,,,,,,,,,,,,,,,,,,,,,,,,,,,,,,,,,,,,,,,,,,,,,,,,,,,,,,,,,,,,,,,,,,,,,,,,,,,,,,,,,,,,,,,,,,,,,,,,,,,,,,,,,,,,,,,,,,,,,,,,,,,,,,,,,,,,,,,,,,,,,,,,,,,,,,,,,,,,,,,,,,,
vNgDMnUq,VIETNAM,2024/2025,VIETNAM 2,V League 2,659pm2N7,VIETNAM 2,08/03/2025,08:00,Round 12,PVF-CAND,WSRPbuTF,Ho Chi Minh 2,IiSwji56,False,0,2,,,,,,[],[],,0,0,0,,0,0,0,,0,0,0,,0,0,,0,0,,0,0,,0,0,,0,0,,0,0,,0,0,,0,0,,0,0,,0,0,,0,0,,0,0,,0,0,,0,0,,0,0,0,,0,0,0,,0,0,0,,0,0,,0,0,,0,0,,0,0,0,0,0,0,0,0,0,,0,0,,0,0,,0,0,,0,,0,,0,,0,,0,,0,,0,,0,,0,,0,,0,,0,,0,,0,,0,,0,0,,0,0,,0,0,,0,0,,0,0,,0,0,,0,0,,0,0,,0,0,,0,0,,0,0,0,,0,0,0,,0,0,0,,0,0,0,,0,0,0,,0,0,0,,,,,,,,,,,,,,,,,,,,,,,,,,,,,,,,,,,,,,,,,,,,,,,,,,,,,,,,,,,,,,,,,,,,,,,,,,,,,,,,,,,,,,,,,,,,,,,,,,,,,,,,,,,,,,,,,,,,,,,,,,,,,,,,,,,,,,,,,,,,,,,,,,,,,,,,,,,,,,,,,,,,,,,,,,,,,,,,,,,,,,,,,,,,,,,,,,,,,,,,,,,,
v9Ev8mFj,VIETNAM,2024/2025,VIETNAM 2,V League 2,659pm2N7,VIETNAM 2,02/03/2025,10:00,Round 11,Khanh Hoa,Myp07Vu0,Long An,40Z46ke6,False,0,1,,,,,,[],[],,0,0,0,,0,0,0,,0,0,0,,0,0,,0,0,,0,0,,0,0,,0,0,,0,0,,0,0,,0,0,,0,0,,0,0,,0,0,,0,0,,0,0,,0,0,,0,0,0,,0,0,0,,0,0,0,,0,0,,0,0,,0,0,,0,0,0,0,0,0,0,0,0,,0,0,,0,0,,0,0,,0,,0,,0,,0,,0,,0,,0,,0,,0,,0,,0,,0,,0,,0,,0,,0,0,,0,0,,0,0,,0,0,,0,0,,0,0,,0,0,,0,0,,0,0,,0,0,,0,0,0,,0,0,0,,0,0,0,,0,0,0,,0,0,0,,0,0,0,,,,,,,,,,,,,,,,,,,,,,,,,,,,,,,,,,,,,,,,,,,,,,,,,,,,,,,,,,,,,,,,,,,,,,,,,,,,,,,,,,,,,,,,,,,,,,,,,,,,,,,,,,,,,,,,,,,,,,,,,,,,,,,,,,,,,,,,,,,,,,,,,,,,,,,,,,,,,,,,,,,,,,,,,,,,,,,,,,,,,,,,,,,,,,,,,,,,,,,,,,,,
0d63X3r2,VIETNAM,2024/2025,VIETNAM 2,V League 2,659pm2N7,VIETNAM 2,06/04/2025,09:00,Round 13,Dong Thap,lvKbDDmQ,Long An,40Z46ke6,False,2,0,,,,,,[],[],,0,0,0,,0,0,0,,0,0,0,,0,0,,0,0,,0,0,,0,0,,0,0,,0,0,,0,0,,0,0,,0,0,,0,0,,0,0,,0,0,,0,0,,0,0,,0,0,0,,0,0,0,,0,0,0,,0,0,,0,0,,0,0,,0,0,0,0,0,0,0,0,0,,0,0,,0,0,,0,0,,0,,0,,0,,0,,0,,0,,0,,0,,0,,0,,0,,0,,0,,0,,0,,0,0,,0,0,,0,0,,0,0,,0,0,,0,0,,0,0,,0,0,,0,0,,0,0,,0,0,0,,0,0,0,,0,0,0,,0,0,0,,0,0,0,,0,0,0,,,,,,,,,,,,,,,,,,,,,,,,,,,,,,,,,,,,,,,,,,,,,,,,,,,,,,,,,,,,,,,,,,,,,,,,,,,,,,,,,,,,,,,,,,,,,,,,,,,,,,,,,,,,,,,,,,,,,,,,,,,,,,,,,,,,,,,,,,,,,,,,,,,,,,,,,,,,,,,,,,,,,,,,,,,,,,,,,,,,,,,,,,,,,,,,,,,,,,,,,,,,
21OGt8LF,VIETNAM,2024/2025,VIETNAM 2,V League 2,659pm2N7,VIETNAM 2,06/04/2025,09:00,Round 13,Dong Nai,fydUYIh4,Khanh Hoa,Myp07Vu0,False,0,1,,,,,,[],[],,0,0,0,,0,0,0,,0,0,0,,0,0,,0,0,,0,0,,0,0,,0,0,,0,0,,0,0,,0,0,,0,0,,0,0,,0,0,,0,0,,0,0,,0,0,,0,0,0,,0,0,0,,0,0,0,,0,0,,0,0,,0,0,,0,0,0,0,0,0,0,0,0,,0,0,,0,0,,0,0,,0,,0,,0,,0,,0,,0,,0,,0,,0,,0,,0,,0,,0,,0,,0,,0,0,,0,0,,0,0,,0,0,,0,0,,0,0,,0,0,,0,0,,0,0,,0,0,,0,0,0,,0,0,0,,0,0,0,,0,0,0,,0,0,0,,0,0,0,,,,,,,,,,,,,,,,,,,,,,,,,,,,,,,,,,,,,,,,,,,,,,,,,,,,,,,,,,,,,,,,,,,,,,,,,,,,,,,,,,,,,,,,,,,,,,,,,,,,,,,,,,,,,,,,,,,,,,,,,,,,,,,,,,,,,,,,,,,,,,,,,,,,,,,,,,,,,,,,,,,,,,,,,,,,,,,,,,,,,,,,,,,,,,,,,,,,,,,,,,,,
thqje7z9,VIETNAM,2024/2025,VIETNAM 2,V League 2,659pm2N7,VIETNAM 2,06/04/2025,08:30,Round 13,PVF-CAND,WSRPbuTF,Hue,OjxcKNsg,False,3,0,,,,,,[],[],,0,0,0,,0,0,0,,0,0,0,,0,0,,0,0,,0,0,,0,0,,0,0,,0,0,,0,0,,0,0,,0,0,,0,0,,0,0,,0,0,,0,0,,0,0,,0,0,0,,0,0,0,,0,0,0,,0,0,,0,0,,0,0,,0,0,0,0,0,0,0,0,0,,0,0,,0,0,,0,0,,0,,0,,0,,0,,0,,0,,0,,0,,0,,0,,0,,0,,0,,0,,0,,0,0,,0,0,,0,0,,0,0,,0,0,,0,0,,0,0,,0,0,,0,0,,0,0,,0,0,0,,0,0,0,,0,0,0,,0,0,0,,0,0,0,,0,0,0,,,,,,,,,,,,,,,,,,,,,,,,,,,,,,,,,,,,,,,,,,,,,,,,,,,,,,,,,,,,,,,,,,,,,,,,,,,,,,,,,,,,,,,,,,,,,,,,,,,,,,,,,,,,,,,,,,,,,,,,,,,,,,,,,,,,,,,,,,,,,,,,,,,,,,,,,,,,,,,,,,,,,,,,,,,,,,,,,,,,,,,,,,,,,,,,,,,,,,,,,,,,
voWiHih4,VIETNAM,2024/2025,VIETNAM 2,V League 2,659pm2N7,VIETNAM 2,01/03/2025,11:00,Round 11,Truong Tuoi Dong Nai,6g0U8aqi,PVF-CAND,WSRPbuTF,False,2,2,,,,,,[],[],,0,0,0,,0,0,0,,0,0,0,,0,0,,0,0,,0,0,,0,0,,0,0,,0,0,,0,0,,0,0,,0,0,,0,0,,0,0,,0,0,,0,0,,0,0,,0,0,0,,0,0,0,,0,0,0,,0,0,,0,0,,0,0,,0,0,0,0,0,0,0,0,0,,0,0,,0,0,,0,0,,0,,0,,0,,0,,0,,0,,0,,0,,0,,0,,0,,0,,0,,0,,0,,0,0,,0,0,,0,0,,0,0,,0,0,,0,0,,0,0,,0,0,,0,0,,0,0,,0,0,0,,0,0,0,,0,0,0,,0,0,0,,0,0,0,,0,0,0,,,,,,,,,,,,,,,,,,,,,,,,,,,,,,,,,,,,,,,,,,,,,,,,,,,,,,,,,,,,,,,,,,,,,,,,,,,,,,,,,,,,,,,,,,,,,,,,,,,,,,,,,,,,,,,,,,,,,,,,,,,,,,,,,,,,,,,,,,,,,,,,,,,,,,,,,,,,,,,,,,,,,,,,,,,,,,,,,,,,,,,,,,,,,,,,,,,,,,,,,,,,
8QN8D9iT,VIETNAM,2024/2025,VIETNAM 2,V League 2,659pm2N7,VIETNAM 2,01/03/2025,09:00,Round 11,Dong Nai,fydUYIh4,Hoa Binh,OE9clfNc,False,0,0,,,,,,[],[],,0,0,0,,0,0,0,,0,0,0,,0,0,,0,0,,0,0,,0,0,,0,0,,0,0,,0,0,,0,0,,0,0,,0,0,,0,0,,0,0,,0,0,,0,0,,0,0,0,,0,0,0,,0,0,0,,0,0,,0,0,,0,0,,0,0,0,0,0,0,0,0,0,,0,0,,0,0,,0,0,,0,,0,,0,,0,,0,,0,,0,,0,,0,,0,,0,,0,,0,,0,,0,,0,0,,0,0,,0,0,,0,0,,0,0,,0,0,,0,0,,0,0,,0,0,,0,0,,0,0,0,,0,0,0,,0,0,0,,0,0,0,,0,0,0,,0,0,0,,,,,,,,,,,,,,,,,,,,,,,,,,,,,,,,,,,,,,,,,,,,,,,,,,,,,,,,,,,,,,,,,,,,,,,,,,,,,,,,,,,,,,,,,,,,,,,,,,,,,,,,,,,,,,,,,,,,,,,,,,,,,,,,,,,,,,,,,,,,,,,,,,,,,,,,,,,,,,,,,,,,,,,,,,,,,,,,,,,,,,,,,,,,,,,,,,,,,,,,,,,,
nBZaFVMG,VIETNAM,2024/2025,VIETNAM 2,V League 2,659pm2N7,VIETNAM 2,01/03/2025,08:00,Round 11,Hue,OjxcKNsg,Ho Chi Minh City,z5ftUOgs,False,2,3,,,,,,[],[],,0,0,0,,0,0,0,,0,0,0,,0,0,,0,0,,0,0,,0,0,,0,0,,0,0,,0,0,,0,0,,0,0,,0,0,,0,0,,0,0,,0,0,,0,0,,0,0,0,,0,0,0,,0,0,0,,0,0,,0,0,,0,0,,0,0,0,0,0,0,0,0,0,,0,0,,0,0,,0,0,,0,,0,,0,,0,,0,,0,,0,,0,,0,,0,,0,,0,,0,,0,,0,,0,0,,0,0,,0,0,,0,0,,0,0,,0,0,,0,0,,0,0,,0,0,,0,0,,0,0,0,,0,0,0,,0,0,0,,0,0,0,,0,0,0,,0,0,0,,,,,,,,,,,,,,,,,,,,,,,,,,,,,,,,,,,,,,,,,,,,,,,,,,,,,,,,,,,,,,,,,,,,,,,,,,,,,,,,,,,,,,,,,,,,,,,,,,,,,,,,,,,,,,,,,,,,,,,,,,,,,,,,,,,,,,,,,,,,,,,,,,,,,,,,,,,,,,,,,,,,,,,,,,,,,,,,,,,,,,,,,,,,,,,,,,,,,,,,,,,,
vPfH4E8b,VIETNAM,2024/2025,VIETNAM 2,V League 2,659pm2N7,VIETNAM 2,22/02/2025,11:00,Round 10,Phu Dong Ninh Binh,GtBp2ZoS,Dong Nai,fydUYIh4,False,1,0,,,,,,[],[],,0,0,0,,0,0,0,,0,0,0,,0,0,,0,0,,0,0,,0,0,,0,0,,0,0,,0,0,,0,0,,0,0,,0,0,,0,0,,0,0,,0,0,,0,0,,0,0,0,,0,0,0,,0,0,0,,0,0,,0,0,,0,0,,0,0,0,0,0,0,0,0,0,,0,0,,0,0,,0,0,,0,,0,,0,,0,,0,,0,,0,,0,,0,,0,,0,,0,,0,,0,,0,,0,0,,0,0,,0,0,,0,0,,0,0,,0,0,,0,0,,0,0,,0,0,,0,0,,0,0,0,,0,0,0,,0,0,0,,0,0,0,,0,0,0,,0,0,0,,,,,,,,,,,,,,,,,,,,,,,,,,,,,,,,,,,,,,,,,,,,,,,,,,,,,,,,,,,,,,,,,,,,,,,,,,,,,,,,,,,,,,,,,,,,,,,,,,,,,,,,,,,,,,,,,,,,,,,,,,,,,,,,,,,,,,,,,,,,,,,,,,,,,,,,,,,,,,,,,,,,,,,,,,,,,,,,,,,,,,,,,,,,,,,,,,,,,,,,,,,,
SlT4eAVp,VIETNAM,2024/2025,VIETNAM 2,V League 2,659pm2N7,VIETNAM 2,22/02/2025,10:00,Round 10,Hoa Binh,OE9clfNc,Ho Chi Minh 2,IiSwji56,False,1,1,,,,,,[],[],,0,0,0,,0,0,0,,0,0,0,,0,0,,0,0,,0,0,,0,0,,0,0,,0,0,,0,0,,0,0,,0,0,,0,0,,0,0,,0,0,,0,0,,0,0,,0,0,0,,0,0,0,,0,0,0,,0,0,,0,0,,0,0,,0,0,0,0,0,0,0,0,0,,0,0,,0,0,,0,0,,0,,0,,0,,0,,0,,0,,0,,0,,0,,0,,0,,0,,0,,0,,0,,0,0,,0,0,,0,0,,0,0,,0,0,,0,0,,0,0,,0,0,,0,0,,0,0,,0,0,0,,0,0,0,,0,0,0,,0,0,0,,0,0,0,,0,0,0,,,,,,,,,,,,,,,,,,,,,,,,,,,,,,,,,,,,,,,,,,,,,,,,,,,,,,,,,,,,,,,,,,,,,,,,,,,,,,,,,,,,,,,,,,,,,,,,,,,,,,,,,,,,,,,,,,,,,,,,,,,,,,,,,,,,,,,,,,,,,,,,,,,,,,,,,,,,,,,,,,,,,,,,,,,,,,,,,,,,,,,,,,,,,,,,,,,,,,,,,,,,
0vqQ2hwB,VIETNAM,2024/2025,VIETNAM 2,V League 2,659pm2N7,VIETNAM 2,22/02/2025,08:00,Round 10,PVF-CAND,WSRPbuTF,Dong Thap,lvKbDDmQ,False,1,0,,,,,,[],[],,0,0,0,,0,0,0,,0,0,0,,0,0,,0,0,,0,0,,0,0,,0,0,,0,0,,0,0,,0,0,,0,0,,0,0,,0,0,,0,0,,0,0,,0,0,,0,0,0,,0,0,0,,0,0,0,,0,0,,0,0,,0,0,,0,0,0,0,0,0,0,0,0,,0,0,,0,0,,0,0,,0,,0,,0,,0,,0,,0,,0,,0,,0,,0,,0,,0,,0,,0,,0,,0,0,,0,0,,0,0,,0,0,,0,0,,0,0,,0,0,,0,0,,0,0,,0,0,,0,0,0,,0,0,0,,0,0,0,,0,0,0,,0,0,0,,0,0,0,,,,,,,,,,,,,,,,,,,,,,,,,,,,,,,,,,,,,,,,,,,,,,,,,,,,,,,,,,,,,,,,,,,,,,,,,,,,,,,,,,,,,,,,,,,,,,,,,,,,,,,,,,,,,,,,,,,,,,,,,,,,,,,,,,,,,,,,,,,,,,,,,,,,,,,,,,,,,,,,,,,,,,,,,,,,,,,,,,,,,,,,,,,,,,,,,,,,,,,,,,,,
vaBQVj7c,VIETNAM,2024/2025,VIETNAM 2,V League 2,659pm2N7,VIETNAM 2,28/02/2025,11:00,Round 11,Ho Chi Minh 2,IiSwji56,Phu Dong Ninh Binh,GtBp2ZoS,False,0,3,,,,,,[],[],,0,0,0,,0,0,0,,0,0,0,,0,0,,0,0,,0,0,,0,0,,0,0,,0,0,,0,0,,0,0,,0,0,,0,0,,0,0,,0,0,,0,0,,0,0,,0,0,0,,0,0,0,,0,0,0,,0,0,,0,0,,0,0,,0,0,0,0,0,0,0,0,0,,0,0,,0,0,,0,0,,0,,0,,0,,0,,0,,0,,0,,0,,0,,0,,0,,0,,0,,0,,0,,0,0,,0,0,,0,0,,0,0,,0,0,,0,0,,0,0,,0,0,,0,0,,0,0,,0,0,0,,0,0,0,,0,0,0,,0,0,0,,0,0,0,,0,0,0,,,,,,,,,,,,,,,,,,,,,,,,,,,,,,,,,,,,,,,,,,,,,,,,,,,,,,,,,,,,,,,,,,,,,,,,,,,,,,,,,,,,,,,,,,,,,,,,,,,,,,,,,,,,,,,,,,,,,,,,,,,,,,,,,,,,,,,,,,,,,,,,,,,,,,,,,,,,,,,,,,,,,,,,,,,,,,,,,,,,,,,,,,,,,,,,,,,,,,,,,,,,
KrGjJDNi,VIETNAM,2024/2025,VIETNAM 2,V League 2,659pm2N7,VIETNAM 2,23/02/2025,09:00,Round 10,Ho Chi Minh City,z5ftUOgs,Khanh Hoa,Myp07Vu0,False,1,1,,,,,,[],[],,0,0,0,,0,0,0,,0,0,0,,0,0,,0,0,,0,0,,0,0,,0,0,,0,0,,0,0,,0,0,,0,0,,0,0,,0,0,,0,0,,0,0,,0,0,,0,0,0,,0,0,0,,0,0,0,,0,0,,0,0,,0,0,,0,0,0,0,0,0,0,0,0,,0,0,,0,0,,0,0,,0,,0,,0,,0,,0,,0,,0,,0,,0,,0,,0,,0,,0,,0,,0,,0,0,,0,0,,0,0,,0,0,,0,0,,0,0,,0,0,,0,0,,0,0,,0,0,,0,0,0,,0,0,0,,0,0,0,,0,0,0,,0,0,0,,0,0,0,,,,,,,,,,,,,,,,,,,,,,,,,,,,,,,,,,,,,,,,,,,,,,,,,,,,,,,,,,,,,,,,,,,,,,,,,,,,,,,,,,,,,,,,,,,,,,,,,,,,,,,,,,,,,,,,,,,,,,,,,,,,,,,,,,,,,,,,,,,,,,,,,,,,,,,,,,,,,,,,,,,,,,,,,,,,,,,,,,,,,,,,,,,,,,,,,,,,,,,,,,,,
84nY0W7N,VIETNAM,2024/2025,VIETNAM 2,V League 2,659pm2N7,VIETNAM 2,23/02/2025,09:00,Round 10,Long An,40Z46ke6,Hue,OjxcKNsg,False,1,2,,,,,,[],[],,0,0,0,,0,0,0,,0,0,0,,0,0,,0,0,,0,0,,0,0,,0,0,,0,0,,0,0,,0,0,,0,0,,0,0,,0,0,,0,0,,0,0,,0,0,,0,0,0,,0,0,0,,0,0,0,,0,0,,0,0,,0,0,,0,0,0,0,0,0,0,0,0,,0,0,,0,0,,0,0,,0,,0,,0,,0,,0,,0,,0,,0,,0,,0,,0,,0,,0,,0,,0,,0,0,,0,0,,0,0,,0,0,,0,0,,0,0,,0,0,,0,0,,0,0,,0,0,,0,0,0,,0,0,0,,0,0,0,,0,0,0,,0,0,0,,0,0,0,,,,,,,,,,,,,,,,,,,,,,,,,,,,,,,,,,,,,,,,,,,,,,,,,,,,,,,,,,,,,,,,,,,,,,,,,,,,,,,,,,,,,,,,,,,,,,,,,,,,,,,,,,,,,,,,,,,,,,,,,,,,,,,,,,,,,,,,,,,,,,,,,,,,,,,,,,,,,,,,,,,,,,,,,,,,,,,,,,,,,,,,,,,,,,,,,,,,,,,,,,,,
YRi96zvn,VIETNAM,2024/2025,VIETNAM 2,V League 2,659pm2N7,VIETNAM 2,16/02/2025,11:00,Round 9,Ho Chi Minh 2,IiSwji56,Hue,OjxcKNsg,False,2,0,,,,,,[],[],,0,0,0,,0,0,0,,0,0,0,,0,0,,0,0,,0,0,,0,0,,0,0,,0,0,,0,0,,0,0,,0,0,,0,0,,0,0,,0,0,,0,0,,0,0,,0,0,0,,0,0,0,,0,0,0,,0,0,,0,0,,0,0,,0,0,0,0,0,0,0,0,0,,0,0,,0,0,,0,0,,0,,0,,0,,0,,0,,0,,0,,0,,0,,0,,0,,0,,0,,0,,0,,0,0,,0,0,,0,0,,0,0,,0,0,,0,0,,0,0,,0,0,,0,0,,0,0,,0,0,0,,0,0,0,,0,0,0,,0,0,0,,0,0,0,,0,0,0,,,,,,,,,,,,,,,,,,,,,,,,,,,,,,,,,,,,,,,,,,,,,,,,,,,,,,,,,,,,,,,,,,,,,,,,,,,,,,,,,,,,,,,,,,,,,,,,,,,,,,,,,,,,,,,,,,,,,,,,,,,,,,,,,,,,,,,,,,,,,,,,,,,,,,,,,,,,,,,,,,,,,,,,,,,,,,,,,,,,,,,,,,,,,,,,,,,,,,,,,,,,
KpocaJWI,VIETNAM,2024/2025,VIETNAM 2,V League 2,659pm2N7,VIETNAM 2,16/02/2025,10:00,Round 9,Hoa Binh,OE9clfNc,Long An,40Z46ke6,False,0,0,,,,,,[],[],,0,0,0,,0,0,0,,0,0,0,,0,0,,0,0,,0,0,,0,0,,0,0,,0,0,,0,0,,0,0,,0,0,,0,0,,0,0,,0,0,,0,0,,0,0,,0,0,0,,0,0,0,,0,0,0,,0,0,,0,0,,0,0,,0,0,0,0,0,0,0,0,0,,0,0,,0,0,,0,0,,0,,0,,0,,0,,0,,0,,0,,0,,0,,0,,0,,0,,0,,0,,0,,0,0,,0,0,,0,0,,0,0,,0,0,,0,0,,0,0,,0,0,,0,0,,0,0,,0,0,0,,0,0,0,,0,0,0,,0,0,0,,0,0,0,,0,0,0,,,,,,,,,,,,,,,,,,,,,,,,,,,,,,,,,,,,,,,,,,,,,,,,,,,,,,,,,,,,,,,,,,,,,,,,,,,,,,,,,,,,,,,,,,,,,,,,,,,,,,,,,,,,,,,,,,,,,,,,,,,,,,,,,,,,,,,,,,,,,,,,,,,,,,,,,,,,,,,,,,,,,,,,,,,,,,,,,,,,,,,,,,,,,,,,,,,,,,,,,,,,
j5gt31Xg,VIETNAM,2024/2025,VIETNAM 2,V League 2,659pm2N7,VIETNAM 2,15/02/2025,11:00,Round 9,Truong Tuoi Dong Nai,6g0U8aqi,Phu Dong Ninh Binh,GtBp2ZoS,False,0,1,,,,,,[],[],,0,0,0,,0,0,0,,0,0,0,,0,0,,0,0,,0,0,,0,0,,0,0,,0,0,,0,0,,0,0,,0,0,,0,0,,0,0,,0,0,,0,0,,0,0,,0,0,0,,0,0,0,,0,0,0,,0,0,,0,0,,0,0,,0,0,0,0,0,0,0,0,0,,0,0,,0,0,,0,0,,0,,0,,0,,0,,0,,0,,0,,0,,0,,0,,0,,0,,0,,0,,0,,0,0,,0,0,,0,0,,0,0,,0,0,,0,0,,0,0,,0,0,,0,0,,0,0,,0,0,0,,0,0,0,,0,0,0,,0,0,0,,0,0,0,,0,0,0,,,,,,,,,,,,,,,,,,,,,,,,,,,,,,,,,,,,,,,,,,,,,,,,,,,,,,,,,,,,,,,,,,,,,,,,,,,,,,,,,,,,,,,,,,,,,,,,,,,,,,,,,,,,,,,,,,,,,,,,,,,,,,,,,,,,,,,,,,,,,,,,,,,,,,,,,,,,,,,,,,,,,,,,,,,,,,,,,,,,,,,,,,,,,,,,,,,,,,,,,,,,
xKKajOml,VIETNAM,2024/2025,VIETNAM 2,V League 2,659pm2N7,VIETNAM 2,09/02/2025,10:00,Round 8,Khanh Hoa,Myp07Vu0,Ho Chi Minh 2,IiSwji56,False,2,0,,,,,,[],[],,0,0,0,,0,0,0,,0,0,0,,0,0,,0,0,,0,0,,0,0,,0,0,,0,0,,0,0,,0,0,,0,0,,0,0,,0,0,,0,0,,0,0,,0,0,,0,0,0,,0,0,0,,0,0,0,,0,0,,0,0,,0,0,,0,0,0,0,0,0,0,0,0,,0,0,,0,0,,0,0,,0,,0,,0,,0,,0,,0,,0,,0,,0,,0,,0,,0,,0,,0,,0,,0,0,,0,0,,0,0,,0,0,,0,0,,0,0,,0,0,,0,0,,0,0,,0,0,,0,0,0,,0,0,0,,0,0,0,,0,0,0,,0,0,0,,0,0,0,,,,,,,,,,,,,,,,,,,,,,,,,,,,,,,,,,,,,,,,,,,,,,,,,,,,,,,,,,,,,,,,,,,,,,,,,,,,,,,,,,,,,,,,,,,,,,,,,,,,,,,,,,,,,,,,,,,,,,,,,,,,,,,,,,,,,,,,,,,,,,,,,,,,,,,,,,,,,,,,,,,,,,,,,,,,,,,,,,,,,,,,,,,,,,,,,,,,,,,,,,,,
6aCGntmD,VIETNAM,2024/2025,VIETNAM 2,V League 2,659pm2N7,VIETNAM 2,09/02/2025,09:00,Round 8,Long An,40Z46ke6,Truong Tuoi Dong Nai,6g0U8aqi,False,1,2,,,,,,[],[],,0,0,0,,0,0,0,,0,0,0,,0,0,,0,0,,0,0,,0,0,,0,0,,0,0,,0,0,,0,0,,0,0,,0,0,,0,0,,0,0,,0,0,,0,0,,0,0,0,,0,0,0,,0,0,0,,0,0,,0,0,,0,0,,0,0,0,0,0,0,0,0,0,,0,0,,0,0,,0,0,,0,,0,,0,,0,,0,,0,,0,,0,,0,,0,,0,,0,,0,,0,,0,,0,0,,0,0,,0,0,,0,0,,0,0,,0,0,,0,0,,0,0,,0,0,,0,0,,0,0,0,,0,0,0,,0,0,0,,0,0,0,,0,0,0,,0,0,0,,,,,,,,,,,,,,,,,,,,,,,,,,,,,,,,,,,,,,,,,,,,,,,,,,,,,,,,,,,,,,,,,,,,,,,,,,,,,,,,,,,,,,,,,,,,,,,,,,,,,,,,,,,,,,,,,,,,,,,,,,,,,,,,,,,,,,,,,,,,,,,,,,,,,,,,,,,,,,,,,,,,,,,,,,,,,,,,,,,,,,,,,,,,,,,,,,,,,,,,,,,,
K2vTepQQ,VIETNAM,2024/2025,VIETNAM 2,V League 2,659pm2N7,VIETNAM 2,08/02/2025,09:00,Round 8,Dong Nai,fydUYIh4,PVF-CAND,WSRPbuTF,False,0,1,,,,,,[],[],,0,0,0,,0,0,0,,0,0,0,,0,0,,0,0,,0,0,,0,0,,0,0,,0,0,,0,0,,0,0,,0,0,,0,0,,0,0,,0,0,,0,0,,0,0,,0,0,0,,0,0,0,,0,0,0,,0,0,,0,0,,0,0,,0,0,0,0,0,0,0,0,0,,0,0,,0,0,,0,0,,0,,0,,0,,0,,0,,0,,0,,0,,0,,0,,0,,0,,0,,0,,0,,0,0,,0,0,,0,0,,0,0,,0,0,,0,0,,0,0,,0,0,,0,0,,0,0,,0,0,0,,0,0,0,,0,0,0,,0,0,0,,0,0,0,,0,0,0,,,,,,,,,,,,,,,,,,,,,,,,,,,,,,,,,,,,,,,,,,,,,,,,,,,,,,,,,,,,,,,,,,,,,,,,,,,,,,,,,,,,,,,,,,,,,,,,,,,,,,,,,,,,,,,,,,,,,,,,,,,,,,,,,,,,,,,,,,,,,,,,,,,,,,,,,,,,,,,,,,,,,,,,,,,,,,,,,,,,,,,,,,,,,,,,,,,,,,,,,,,,
IwtZ4N2s,VIETNAM,2024/2025,VIETNAM 2,V League 2,659pm2N7,VIETNAM 2,15/02/2025,09:00,Round 9,Dong Thap,lvKbDDmQ,Ho Chi Minh City,z5ftUOgs,False,0,1,,,,,,[],[],,0,0,0,,0,0,0,,0,0,0,,0,0,,0,0,,0,0,,0,0,,0,0,,0,0,,0,0,,0,0,,0,0,,0,0,,0,0,,0,0,,0,0,,0,0,,0,0,0,,0,0,0,,0,0,0,,0,0,,0,0,,0,0,,0,0,0,0,0,0,0,0,0,,0,0,,0,0,,0,0,,0,,0,,0,,0,,0,,0,,0,,0,,0,,0,,0,,0,,0,,0,,0,,0,0,,0,0,,0,0,,0,0,,0,0,,0,0,,0,0,,0,0,,0,0,,0,0,,0,0,0,,0,0,0,,0,0,0,,0,0,0,,0,0,0,,0,0,0,,,,,,,,,,,,,,,,,,,,,,,,,,,,,,,,,,,,,,,,,,,,,,,,,,,,,,,,,,,,,,,,,,,,,,,,,,,,,,,,,,,,,,,,,,,,,,,,,,,,,,,,,,,,,,,,,,,,,,,,,,,,,,,,,,,,,,,,,,,,,,,,,,,,,,,,,,,,,,,,,,,,,,,,,,,,,,,,,,,,,,,,,,,,,,,,,,,,,,,,,,,,
nXnk1u26,VIETNAM,2024/2025,VIETNAM 2,V League 2,659pm2N7,VIETNAM 2,15/02/2025,08:00,Round 9,PVF-CAND,WSRPbuTF,Khanh Hoa,Myp07Vu0,False,3,1,,,,,,[],[],,0,0,0,,0,0,0,,0,0,0,,0,0,,0,0,,0,0,,0,0,,0,0,,0,0,,0,0,,0,0,,0,0,,0,0,,0,0,,0,0,,0,0,,0,0,,0,0,0,,0,0,0,,0,0,0,,0,0,,0,0,,0,0,,0,0,0,0,0,0,0,0,0,,0,0,,0,0,,0,0,,0,,0,,0,,0,,0,,0,,0,,0,,0,,0,,0,,0,,0,,0,,0,,0,0,,0,0,,0,0,,0,0,,0,0,,0,0,,0,0,,0,0,,0,0,,0,0,,0,0,0,,0,0,0,,0,0,0,,0,0,0,,0,0,0,,0,0,0,,,,,,,,,,,,,,,,,,,,,,,,,,,,,,,,,,,,,,,,,,,,,,,,,,,,,,,,,,,,,,,,,,,,,,,,,,,,,,,,,,,,,,,,,,,,,,,,,,,,,,,,,,,,,,,,,,,,,,,,,,,,,,,,,,,,,,,,,,,,,,,,,,,,,,,,,,,,,,,,,,,,,,,,,,,,,,,,,,,,,,,,,,,,,,,,,,,,,,,,,,,,
Y542AquK,VIETNAM,2024/2025,VIETNAM 2,V League 2,659pm2N7,VIETNAM 2,09/02/2025,11:00,Round 8,Phu Dong Ninh Binh,GtBp2ZoS,Dong Thap,lvKbDDmQ,False,1,0,,,,,,[],[],,0,0,0,,0,0,0,,0,0,0,,0,0,,0,0,,0,0,,0,0,,0,0,,0,0,,0,0,,0,0,,0,0,,0,0,,0,0,,0,0,,0,0,,0,0,,0,0,0,,0,0,0,,0,0,0,,0,0,,0,0,,0,0,,0,0,0,0,0,0,0,0,0,,0,0,,0,0,,0,0,,0,,0,,0,,0,,0,,0,,0,,0,,0,,0,,0,,0,,0,,0,,0,,0,0,,0,0,,0,0,,0,0,,0,0,,0,0,,0,0,,0,0,,0,0,,0,0,,0,0,0,,0,0,0,,0,0,0,,0,0,0,,0,0,0,,0,0,0,,,,,,,,,,,,,,,,,,,,,,,,,,,,,,,,,,,,,,,,,,,,,,,,,,,,,,,,,,,,,,,,,,,,,,,,,,,,,,,,,,,,,,,,,,,,,,,,,,,,,,,,,,,,,,,,,,,,,,,,,,,,,,,,,,,,,,,,,,,,,,,,,,,,,,,,,,,,,,,,,,,,,,,,,,,,,,,,,,,,,,,,,,,,,,,,,,,,,,,,,,,,
AXI7l2I0,VIETNAM,2024/2025,VIETNAM 2,V League 2,659pm2N7,VIETNAM 2,08/02/2025,09:00,Round 8,Ho Chi Minh City,z5ftUOgs,Hoa Binh,OE9clfNc,False,1,0,,,,,,[],[],,0,0,0,,0,0,0,,0,0,0,,0,0,,0,0,,0,0,,0,0,,0,0,,0,0,,0,0,,0,0,,0,0,,0,0,,0,0,,0,0,,0,0,,0,0,,0,0,0,,0,0,0,,0,0,0,,0,0,,0,0,,0,0,,0,0,0,0,0,0,0,0,0,,0,0,,0,0,,0,0,,0,,0,,0,,0,,0,,0,,0,,0,,0,,0,,0,,0,,0,,0,,0,,0,0,,0,0,,0,0,,0,0,,0,0,,0,0,,0,0,,0,0,,0,0,,0,0,,0,0,0,,0,0,0,,0,0,0,,0,0,0,,0,0,0,,0,0,0,,,,,,,,,,,,,,,,,,,,,,,,,,,,,,,,,,,,,,,,,,,,,,,,,,,,,,,,,,,,,,,,,,,,,,,,,,,,,,,,,,,,,,,,,,,,,,,,,,,,,,,,,,,,,,,,,,,,,,,,,,,,,,,,,,,,,,,,,,,,,,,,,,,,,,,,,,,,,,,,,,,,,,,,,,,,,,,,,,,,,,,,,,,,,,,,,,,,,,,,,,,,
UDBzjfx8,VIETNAM,2024/2025,VIETNAM 2,V League 2,659pm2N7,VIETNAM 2,24/01/2025,08:00,Round 7,Hue,OjxcKNsg,Khanh Hoa,Myp07Vu0,False,2,2,,,,,,[],[],,0,0,0,,0,0,0,,0,0,0,,0,0,,0,0,,0,0,,0,0,,0,0,,0,0,,0,0,,0,0,,0,0,,0,0,,0,0,,0,0,,0,0,,0,0,,0,0,0,,0,0,0,,0,0,0,,0,0,,0,0,,0,0,,0,0,0,0,0,0,0,0,0,,0,0,,0,0,,0,0,,0,,0,,0,,0,,0,,0,,0,,0,,0,,0,,0,,0,,0,,0,,0,,0,0,,0,0,,0,0,,0,0,,0,0,,0,0,,0,0,,0,0,,0,0,,0,0,,0,0,0,,0,0,0,,0,0,0,,0,0,0,,0,0,0,,0,0,0,,,,,,,,,,,,,,,,,,,,,,,,,,,,,,,,,,,,,,,,,,,,,,,,,,,,,,,,,,,,,,,,,,,,,,,,,,,,,,,,,,,,,,,,,,,,,,,,,,,,,,,,,,,,,,,,,,,,,,,,,,,,,,,,,,,,,,,,,,,,,,,,,,,,,,,,,,,,,,,,,,,,,,,,,,,,,,,,,,,,,,,,,,,,,,,,,,,,,,,,,,,,
CxyLc6eE,VIETNAM,2024/2025,VIETNAM 2,V League 2,659pm2N7,VIETNAM 2,24/01/2025,09:00,Round 7,Dong Thap,lvKbDDmQ,Truong Tuoi Dong Nai,6g0U8aqi,False,0,1,,,,,,[],[],,0,0,0,,0,0,0,,0,0,0,,0,0,,0,0,,0,0,,0,0,,0,0,,0,0,,0,0,,0,0,,0,0,,0,0,,0,0,,0,0,,0,0,,0,0,,0,0,0,,0,0,0,,0,0,0,,0,0,,0,0,,0,0,,0,0,0,0,0,0,0,0,0,,0,0,,0,0,,0,0,,0,,0,,0,,0,,0,,0,,0,,0,,0,,0,,0,,0,,0,,0,,0,,0,0,,0,0,,0,0,,0,0,,0,0,,0,0,,0,0,,0,0,,0,0,,0,0,,0,0,0,,0,0,0,,0,0,0,,0,0,0,,0,0,0,,0,0,0,,,,,,,,,,,,,,,,,,,,,,,,,,,,,,,,,,,,,,,,,,,,,,,,,,,,,,,,,,,,,,,,,,,,,,,,,,,,,,,,,,,,,,,,,,,,,,,,,,,,,,,,,,,,,,,,,,,,,,,,,,,,,,,,,,,,,,,,,,,,,,,,,,,,,,,,,,,,,,,,,,,,,,,,,,,,,,,,,,,,,,,,,,,,,,,,,,,,,,,,,,,,
AmDn1Kp9,VIETNAM,2024/2025,VIETNAM 2,V League 2,659pm2N7,VIETNAM 2,19/01/2025,11:00,Round 6,Ho Chi Minh 2,IiSwji56,Long An,40Z46ke6,False,2,1,,,,,,[],[],,0,0,0,,0,0,0,,0,0,0,,0,0,,0,0,,0,0,,0,0,,0,0,,0,0,,0,0,,0,0,,0,0,,0,0,,0,0,,0,0,,0,0,,0,0,,0,0,0,,0,0,0,,0,0,0,,0,0,,0,0,,0,0,,0,0,0,0,0,0,0,0,0,,0,0,,0,0,,0,0,,0,,0,,0,,0,,0,,0,,0,,0,,0,,0,,0,,0,,0,,0,,0,,0,0,,0,0,,0,0,,0,0,,0,0,,0,0,,0,0,,0,0,,0,0,,0,0,,0,0,0,,0,0,0,,0,0,0,,0,0,0,,0,0,0,,0,0,0,,,,,,,,,,,,,,,,,,,,,,,,,,,,,,,,,,,,,,,,,,,,,,,,,,,,,,,,,,,,,,,,,,,,,,,,,,,,,,,,,,,,,,,,,,,,,,,,,,,,,,,,,,,,,,,,,,,,,,,,,,,,,,,,,,,,,,,,,,,,,,,,,,,,,,,,,,,,,,,,,,,,,,,,,,,,,,,,,,,,,,,,,,,,,,,,,,,,,,,,,,,,
rsL0wHh2,VIETNAM,2024/2025,VIETNAM 2,V League 2,659pm2N7,VIETNAM 2,19/01/2025,11:00,Round 6,Truong Tuoi Dong Nai,6g0U8aqi,Dong Nai,fydUYIh4,False,1,1,,,,,,[],[],,0,0,0,,0,0,0,,0,0,0,,0,0,,0,0,,0,0,,0,0,,0,0,,0,0,,0,0,,0,0,,0,0,,0,0,,0,0,,0,0,,0,0,,0,0,,0,0,0,,0,0,0,,0,0,0,,0,0,,0,0,,0,0,,0,0,0,0,0,0,0,0,0,,0,0,,0,0,,0,0,,0,,0,,0,,0,,0,,0,,0,,0,,0,,0,,0,,0,,0,,0,,0,,0,0,,0,0,,0,0,,0,0,,0,0,,0,0,,0,0,,0,0,,0,0,,0,0,,0,0,0,,0,0,0,,0,0,0,,0,0,0,,0,0,0,,0,0,0,,,,,,,,,,,,,,,,,,,,,,,,,,,,,,,,,,,,,,,,,,,,,,,,,,,,,,,,,,,,,,,,,,,,,,,,,,,,,,,,,,,,,,,,,,,,,,,,,,,,,,,,,,,,,,,,,,,,,,,,,,,,,,,,,,,,,,,,,,,,,,,,,,,,,,,,,,,,,,,,,,,,,,,,,,,,,,,,,,,,,,,,,,,,,,,,,,,,,,,,,,,,
61RMpa0S,VIETNAM,2024/2025,VIETNAM 2,V League 2,659pm2N7,VIETNAM 2,19/01/2025,11:00,Round 6,Khanh Hoa,Myp07Vu0,Dong Thap,lvKbDDmQ,False,0,0,,,,,,[],[],,0,0,0,,0,0,0,,0,0,0,,0,0,,0,0,,0,0,,0,0,,0,0,,0,0,,0,0,,0,0,,0,0,,0,0,,0,0,,0,0,,0,0,,0,0,,0,0,0,,0,0,0,,0,0,0,,0,0,,0,0,,0,0,,0,0,0,0,0,0,0,0,0,,0,0,,0,0,,0,0,,0,,0,,0,,0,,0,,0,,0,,0,,0,,0,,0,,0,,0,,0,,0,,0,0,,0,0,,0,0,,0,0,,0,0,,0,0,,0,0,,0,0,,0,0,,0,0,,0,0,0,,0,0,0,,0,0,0,,0,0,0,,0,0,0,,0,0,0,,,,,,,,,,,,,,,,,,,,,,,,,,,,,,,,,,,,,,,,,,,,,,,,,,,,,,,,,,,,,,,,,,,,,,,,,,,,,,,,,,,,,,,,,,,,,,,,,,,,,,,,,,,,,,,,,,,,,,,,,,,,,,,,,,,,,,,,,,,,,,,,,,,,,,,,,,,,,,,,,,,,,,,,,,,,,,,,,,,,,,,,,,,,,,,,,,,,,,,,,,,,
AZXDnLVF,VIETNAM,2024/2025,VIETNAM 2,V League 2,659pm2N7,VIETNAM 2,18/01/2025,10:00,Round 6,Hoa Binh,OE9clfNc,Hue,OjxcKNsg,False,1,0,,,,,,[],[],,0,0,0,,0,0,0,,0,0,0,,0,0,,0,0,,0,0,,0,0,,0,0,,0,0,,0,0,,0,0,,0,0,,0,0,,0,0,,0,0,,0,0,,0,0,,0,0,0,,0,0,0,,0,0,0,,0,0,,0,0,,0,0,,0,0,0,0,0,0,0,0,0,,0,0,,0,0,,0,0,,0,,0,,0,,0,,0,,0,,0,,0,,0,,0,,0,,0,,0,,0,,0,,0,0,,0,0,,0,0,,0,0,,0,0,,0,0,,0,0,,0,0,,0,0,,0,0,,0,0,0,,0,0,0,,0,0,0,,0,0,0,,0,0,0,,0,0,0,,,,,,,,,,,,,,,,,,,,,,,,,,,,,,,,,,,,,,,,,,,,,,,,,,,,,,,,,,,,,,,,,,,,,,,,,,,,,,,,,,,,,,,,,,,,,,,,,,,,,,,,,,,,,,,,,,,,,,,,,,,,,,,,,,,,,,,,,,,,,,,,,,,,,,,,,,,,,,,,,,,,,,,,,,,,,,,,,,,,,,,,,,,,,,,,,,,,,,,,,,,,
MRWiuwOk,VIETNAM,2024/2025,VIETNAM 2,V League 2,659pm2N7,VIETNAM 2,18/01/2025,08:00,Round 6,PVF-CAND,WSRPbuTF,Ho Chi Minh City,z5ftUOgs,False,1,0,,,,,,[],[],,0,0,0,,0,0,0,,0,0,0,,0,0,,0,0,,0,0,,0,0,,0,0,,0,0,,0,0,,0,0,,0,0,,0,0,,0,0,,0,0,,0,0,,0,0,,0,0,0,,0,0,0,,0,0,0,,0,0,,0,0,,0,0,,0,0,0,0,0,0,0,0,0,,0,0,,0,0,,0,0,,0,,0,,0,,0,,0,,0,,0,,0,,0,,0,,0,,0,,0,,0,,0,,0,0,,0,0,,0,0,,0,0,,0,0,,0,0,,0,0,,0,0,,0,0,,0,0,,0,0,0,,0,0,0,,0,0,0,,0,0,0,,0,0,0,,0,0,0,,,,,,,,,,,,,,,,,,,,,,,,,,,,,,,,,,,,,,,,,,,,,,,,,,,,,,,,,,,,,,,,,,,,,,,,,,,,,,,,,,,,,,,,,,,,,,,,,,,,,,,,,,,,,,,,,,,,,,,,,,,,,,,,,,,,,,,,,,,,,,,,,,,,,,,,,,,,,,,,,,,,,,,,,,,,,,,,,,,,,,,,,,,,,,,,,,,,,,,,,,,,
xMZ5ls13,VIETNAM,2024/2025,VIETNAM 2,V League 2,659pm2N7,VIETNAM 2,20/11/2024,09:00,Round 5,Dong Thap,lvKbDDmQ,Dong Nai,fydUYIh4,False,0,0,,,,,,[],[],,0,0,0,,0,0,0,,0,0,0,,0,0,,0,0,,0,0,,0,0,,0,0,,0,0,,0,0,,0,0,,0,0,,0,0,,0,0,,0,0,,0,0,,0,0,,0,0,0,,0,0,0,,0,0,0,,0,0,,0,0,,0,0,,0,0,0,0,0,0,0,0,0,,0,0,,0,0,,0,0,,0,,0,,0,,0,,0,,0,,0,,0,,0,,0,,0,,0,,0,,0,,0,,0,0,,0,0,,0,0,,0,0,,0,0,,0,0,,0,0,,0,0,,0,0,,0,0,,0,0,0,,0,0,0,,0,0,0,,0,0,0,,0,0,0,,0,0,0,,,,,,,,,,,,,,,,,,,,,,,,,,,,,,,,,,,,,,,,,,,,,,,,,,,,,,,,,,,,,,,,,,,,,,,,,,,,,,,,,,,,,,,,,,,,,,,,,,,,,,,,,,,,,,,,,,,,,,,,,,,,,,,,,,,,,,,,,,,,,,,,,,,,,,,,,,,,,,,,,,,,,,,,,,,,,,,,,,,,,,,,,,,,,,,,,,,,,,,,,,,,
Mm8SiG7e,VIETNAM,2024/2025,VIETNAM 2,V League 2,659pm2N7,VIETNAM 2,23/01/2025,11:00,Round 7,Phu Dong Ninh Binh,GtBp2ZoS,Hoa Binh,OE9clfNc,False,2,0,,,,,,[],[],,0,0,0,,0,0,0,,0,0,0,,0,0,,0,0,,0,0,,0,0,,0,0,,0,0,,0,0,,0,0,,0,0,,0,0,,0,0,,0,0,,0,0,,0,0,,0,0,0,,0,0,0,,0,0,0,,0,0,,0,0,,0,0,,0,0,0,0,0,0,0,0,0,,0,0,,0,0,,0,0,,0,,0,,0,,0,,0,,0,,0,,0,,0,,0,,0,,0,,0,,0,,0,,0,0,,0,0,,0,0,,0,0,,0,0,,0,0,,0,0,,0,0,,0,0,,0,0,,0,0,0,,0,0,0,,0,0,0,,0,0,0,,0,0,0,,0,0,0,,,,,,,,,,,,,,,,,,,,,,,,,,,,,,,,,,,,,,,,,,,,,,,,,,,,,,,,,,,,,,,,,,,,,,,,,,,,,,,,,,,,,,,,,,,,,,,,,,,,,,,,,,,,,,,,,,,,,,,,,,,,,,,,,,,,,,,,,,,,,,,,,,,,,,,,,,,,,,,,,,,,,,,,,,,,,,,,,,,,,,,,,,,,,,,,,,,,,,,,,,,,
2ohRgxwq,VIETNAM,2024/2025,VIETNAM 2,V League 2,659pm2N7,VIETNAM 2,23/01/2025,09:00,Round 7,Dong Nai,fydUYIh4,Ho Chi Minh 2,IiSwji56,False,0,0,,,,,,[],[],,0,0,0,,0,0,0,,0,0,0,,0,0,,0,0,,0,0,,0,0,,0,0,,0,0,,0,0,,0,0,,0,0,,0,0,,0,0,,0,0,,0,0,,0,0,,0,0,0,,0,0,0,,0,0,0,,0,0,,0,0,,0,0,,0,0,0,0,0,0,0,0,0,,0,0,,0,0,,0,0,,0,,0,,0,,0,,0,,0,,0,,0,,0,,0,,0,,0,,0,,0,,0,,0,0,,0,0,,0,0,,0,0,,0,0,,0,0,,0,0,,0,0,,0,0,,0,0,,0,0,0,,0,0,0,,0,0,0,,0,0,0,,0,0,0,,0,0,0,,,,,,,,,,,,,,,,,,,,,,,,,,,,,,,,,,,,,,,,,,,,,,,,,,,,,,,,,,,,,,,,,,,,,,,,,,,,,,,,,,,,,,,,,,,,,,,,,,,,,,,,,,,,,,,,,,,,,,,,,,,,,,,,,,,,,,,,,,,,,,,,,,,,,,,,,,,,,,,,,,,,,,,,,,,,,,,,,,,,,,,,,,,,,,,,,,,,,,,,,,,,
6F6eabFL,VIETNAM,2024/2025,VIETNAM 2,V League 2,659pm2N7,VIETNAM 2,23/01/2025,09:00,Round 7,Long An,40Z46ke6,Ho Chi Minh City,z5ftUOgs,False,1,0,,,,,,[],[],,0,0,0,,0,0,0,,0,0,0,,0,0,,0,0,,0,0,,0,0,,0,0,,0,0,,0,0,,0,0,,0,0,,0,0,,0,0,,0,0,,0,0,,0,0,,0,0,0,,0,0,0,,0,0,0,,0,0,,0,0,,0,0,,0,0,0,0,0,0,0,0,0,,0,0,,0,0,,0,0,,0,,0,,0,,0,,0,,0,,0,,0,,0,,0,,0,,0,,0,,0,,0,,0,0,,0,0,,0,0,,0,0,,0,0,,0,0,,0,0,,0,0,,0,0,,0,0,,0,0,0,,0,0,0,,0,0,0,,0,0,0,,0,0,0,,0,0,0,,,,,,,,,,,,,,,,,,,,,,,,,,,,,,,,,,,,,,,,,,,,,,,,,,,,,,,,,,,,,,,,,,,,,,,,,,,,,,,,,,,,,,,,,,,,,,,,,,,,,,,,,,,,,,,,,,,,,,,,,,,,,,,,,,,,,,,,,,,,,,,,,,,,,,,,,,,,,,,,,,,,,,,,,,,,,,,,,,,,,,,,,,,,,,,,,,,,,,,,,,,,
MDiJQw9d,VIETNAM,2024/2025,VIETNAM 2,V League 2,659pm2N7,VIETNAM 2,20/11/2024,08:00,Round 5,Hue,OjxcKNsg,Truong Tuoi Dong Nai,6g0U8aqi,False,0,1,,,,,,[],[],,0,0,0,,0,0,0,,0,0,0,,0,0,,0,0,,0,0,,0,0,,0,0,,0,0,,0,0,,0,0,,0,0,,0,0,,0,0,,0,0,,0,0,,0,0,,0,0,0,,0,0,0,,0,0,0,,0,0,,0,0,,0,0,,0,0,0,0,0,0,0,0,0,,0,0,,0,0,,0,0,,0,,0,,0,,0,,0,,0,,0,,0,,0,,0,,0,,0,,0,,0,,0,,0,0,,0,0,,0,0,,0,0,,0,0,,0,0,,0,0,,0,0,,0,0,,0,0,,0,0,0,,0,0,0,,0,0,0,,0,0,0,,0,0,0,,0,0,0,,,,,,,,,,,,,,,,,,,,,,,,,,,,,,,,,,,,,,,,,,,,,,,,,,,,,,,,,,,,,,,,,,,,,,,,,,,,,,,,,,,,,,,,,,,,,,,,,,,,,,,,,,,,,,,,,,,,,,,,,,,,,,,,,,,,,,,,,,,,,,,,,,,,,,,,,,,,,,,,,,,,,,,,,,,,,,,,,,,,,,,,,,,,,,,,,,,,,,,,,,,,
8rwVnUPb,VIETNAM,2024/2025,VIETNAM 2,V League 2,659pm2N7,VIETNAM 2,19/11/2024,10:00,Round 5,Hoa Binh,OE9clfNc,Khanh Hoa,Myp07Vu0,False,0,0,,,,,,[],[],,0,0,0,,0,0,0,,0,0,0,,0,0,,0,0,,0,0,,0,0,,0,0,,0,0,,0,0,,0,0,,0,0,,0,0,,0,0,,0,0,,0,0,,0,0,,0,0,0,,0,0,0,,0,0,0,,0,0,,0,0,,0,0,,0,0,0,0,0,0,0,0,0,,0,0,,0,0,,0,0,,0,,0,,0,,0,,0,,0,,0,,0,,0,,0,,0,,0,,0,,0,,0,,0,0,,0,0,,0,0,,0,0,,0,0,,0,0,,0,0,,0,0,,0,0,,0,0,,0,0,0,,0,0,0,,0,0,0,,0,0,0,,0,0,0,,0,0,0,,,,,,,,,,,,,,,,,,,,,,,,,,,,,,,,,,,,,,,,,,,,,,,,,,,,,,,,,,,,,,,,,,,,,,,,,,,,,,,,,,,,,,,,,,,,,,,,,,,,,,,,,,,,,,,,,,,,,,,,,,,,,,,,,,,,,,,,,,,,,,,,,,,,,,,,,,,,,,,,,,,,,,,,,,,,,,,,,,,,,,,,,,,,,,,,,,,,,,,,,,,,
G8two8fB,VIETNAM,2024/2025,VIETNAM 2,V League 2,659pm2N7,VIETNAM 2,19/11/2024,09:00,Round 5,Ho Chi Minh City,z5ftUOgs,Ho Chi Minh 2,IiSwji56,False,3,1,,,,,,[],[],,0,0,0,,0,0,0,,0,0,0,,0,0,,0,0,,0,0,,0,0,,0,0,,0,0,,0,0,,0,0,,0,0,,0,0,,0,0,,0,0,,0,0,,0,0,,0,0,0,,0,0,0,,0,0,0,,0,0,,0,0,,0,0,,0,0,0,0,0,0,0,0,0,,0,0,,0,0,,0,0,,0,,0,,0,,0,,0,,0,,0,,0,,0,,0,,0,,0,,0,,0,,0,,0,0,,0,0,,0,0,,0,0,,0,0,,0,0,,0,0,,0,0,,0,0,,0,0,,0,0,0,,0,0,0,,0,0,0,,0,0,0,,0,0,0,,0,0,0,,,,,,,,,,,,,,,,,,,,,,,,,,,,,,,,,,,,,,,,,,,,,,,,,,,,,,,,,,,,,,,,,,,,,,,,,,,,,,,,,,,,,,,,,,,,,,,,,,,,,,,,,,,,,,,,,,,,,,,,,,,,,,,,,,,,,,,,,,,,,,,,,,,,,,,,,,,,,,,,,,,,,,,,,,,,,,,,,,,,,,,,,,,,,,,,,,,,,,,,,,,,
25G3W8uI,VIETNAM,2024/2025,VIETNAM 2,V League 2,659pm2N7,VIETNAM 2,14/11/2024,12:15,Round 4,Ho Chi Minh 2,IiSwji56,PVF-CAND,WSRPbuTF,False,0,0,,,,,,[],[],,0,0,0,,0,0,0,,0,0,0,,0,0,,0,0,,0,0,,0,0,,0,0,,0,0,,0,0,,0,0,,0,0,,0,0,,0,0,,0,0,,0,0,,0,0,,0,0,0,,0,0,0,,0,0,0,,0,0,,0,0,,0,0,,0,0,0,0,0,0,0,0,0,,0,0,,0,0,,0,0,,0,,0,,0,,0,,0,,0,,0,,0,,0,,0,,0,,0,,0,,0,,0,,0,0,,0,0,,0,0,,0,0,,0,0,,0,0,,0,0,,0,0,,0,0,,0,0,,0,0,0,,0,0,0,,0,0,0,,0,0,0,,0,0,0,,0,0,0,,,,,,,,,,,,,,,,,,,,,,,,,,,,,,,,,,,,,,,,,,,,,,,,,,,,,,,,,,,,,,,,,,,,,,,,,,,,,,,,,,,,,,,,,,,,,,,,,,,,,,,,,,,,,,,,,,,,,,,,,,,,,,,,,,,,,,,,,,,,,,,,,,,,,,,,,,,,,,,,,,,,,,,,,,,,,,,,,,,,,,,,,,,,,,,,,,,,,,,,,,,,
fuDeYUA5,VIETNAM,2024/2025,VIETNAM 2,V League 2,659pm2N7,VIETNAM 2,14/11/2024,11:00,Round 4,Truong Tuoi Dong Nai,6g0U8aqi,Ho Chi Minh City,z5ftUOgs,False,3,2,,,,,,[],[],,0,0,0,,0,0,0,,0,0,0,,0,0,,0,0,,0,0,,0,0,,0,0,,0,0,,0,0,,0,0,,0,0,,0,0,,0,0,,0,0,,0,0,,0,0,,0,0,0,,0,0,0,,0,0,0,,0,0,,0,0,,0,0,,0,0,0,0,0,0,0,0,0,,0,0,,0,0,,0,0,,0,,0,,0,,0,,0,,0,,0,,0,,0,,0,,0,,0,,0,,0,,0,,0,0,,0,0,,0,0,,0,0,,0,0,,0,0,,0,0,,0,0,,0,0,,0,0,,0,0,0,,0,0,0,,0,0,0,,0,0,0,,0,0,0,,0,0,0,,,,,,,,,,,,,,,,,,,,,,,,,,,,,,,,,,,,,,,,,,,,,,,,,,,,,,,,,,,,,,,,,,,,,,,,,,,,,,,,,,,,,,,,,,,,,,,,,,,,,,,,,,,,,,,,,,,,,,,,,,,,,,,,,,,,,,,,,,,,,,,,,,,,,,,,,,,,,,,,,,,,,,,,,,,,,,,,,,,,,,,,,,,,,,,,,,,,,,,,,,,,
YPOnzitg,VIETNAM,2024/2025,VIETNAM 2,V League 2,659pm2N7,VIETNAM 2,14/11/2024,09:00,Round 4,Dong Thap,lvKbDDmQ,Hoa Binh,OE9clfNc,False,1,0,,,,,,[],[],,0,0,0,,0,0,0,,0,0,0,,0,0,,0,0,,0,0,,0,0,,0,0,,0,0,,0,0,,0,0,,0,0,,0,0,,0,0,,0,0,,0,0,,0,0,,0,0,0,,0,0,0,,0,0,0,,0,0,,0,0,,0,0,,0,0,0,0,0,0,0,0,0,,0,0,,0,0,,0,0,,0,,0,,0,,0,,0,,0,,0,,0,,0,,0,,0,,0,,0,,0,,0,,0,0,,0,0,,0,0,,0,0,,0,0,,0,0,,0,0,,0,0,,0,0,,0,0,,0,0,0,,0,0,0,,0,0,0,,0,0,0,,0,0,0,,0,0,0,,,,,,,,,,,,,,,,,,,,,,,,,,,,,,,,,,,,,,,,,,,,,,,,,,,,,,,,,,,,,,,,,,,,,,,,,,,,,,,,,,,,,,,,,,,,,,,,,,,,,,,,,,,,,,,,,,,,,,,,,,,,,,,,,,,,,,,,,,,,,,,,,,,,,,,,,,,,,,,,,,,,,,,,,,,,,,,,,,,,,,,,,,,,,,,,,,,,,,,,,,,,
xlExI9QO,VIETNAM,2024/2025,VIETNAM 2,V League 2,659pm2N7,VIETNAM 2,10/11/2024,11:00,Round 3,Khanh Hoa,Myp07Vu0,Dong Nai,fydUYIh4,False,2,1,,,,,,[],[],,0,0,0,,0,0,0,,0,0,0,,0,0,,0,0,,0,0,,0,0,,0,0,,0,0,,0,0,,0,0,,0,0,,0,0,,0,0,,0,0,,0,0,,0,0,,0,0,0,,0,0,0,,0,0,0,,0,0,,0,0,,0,0,,0,0,0,0,0,0,0,0,0,,0,0,,0,0,,0,0,,0,,0,,0,,0,,0,,0,,0,,0,,0,,0,,0,,0,,0,,0,,0,,0,0,,0,0,,0,0,,0,0,,0,0,,0,0,,0,0,,0,0,,0,0,,0,0,,0,0,0,,0,0,0,,0,0,0,,0,0,0,,0,0,0,,0,0,0,,,,,,,,,,,,,,,,,,,,,,,,,,,,,,,,,,,,,,,,,,,,,,,,,,,,,,,,,,,,,,,,,,,,,,,,,,,,,,,,,,,,,,,,,,,,,,,,,,,,,,,,,,,,,,,,,,,,,,,,,,,,,,,,,,,,,,,,,,,,,,,,,,,,,,,,,,,,,,,,,,,,,,,,,,,,,,,,,,,,,,,,,,,,,,,,,,,,,,,,,,,,
QaLvxDBt,VIETNAM,2024/2025,VIETNAM 2,V League 2,659pm2N7,VIETNAM 2,10/11/2024,09:00,Round 3,Ho Chi Minh City,z5ftUOgs,Phu Dong Ninh Binh,GtBp2ZoS,False,0,2,,,,,,[],[],,0,0,0,,0,0,0,,0,0,0,,0,0,,0,0,,0,0,,0,0,,0,0,,0,0,,0,0,,0,0,,0,0,,0,0,,0,0,,0,0,,0,0,,0,0,,0,0,0,,0,0,0,,0,0,0,,0,0,,0,0,,0,0,,0,0,0,0,0,0,0,0,0,,0,0,,0,0,,0,0,,0,,0,,0,,0,,0,,0,,0,,0,,0,,0,,0,,0,,0,,0,,0,,0,0,,0,0,,0,0,,0,0,,0,0,,0,0,,0,0,,0,0,,0,0,,0,0,,0,0,0,,0,0,0,,0,0,0,,0,0,0,,0,0,0,,0,0,0,,,,,,,,,,,,,,,,,,,,,,,,,,,,,,,,,,,,,,,,,,,,,,,,,,,,,,,,,,,,,,,,,,,,,,,,,,,,,,,,,,,,,,,,,,,,,,,,,,,,,,,,,,,,,,,,,,,,,,,,,,,,,,,,,,,,,,,,,,,,,,,,,,,,,,,,,,,,,,,,,,,,,,,,,,,,,,,,,,,,,,,,,,,,,,,,,,,,,,,,,,,,
88MLLiRa,VIETNAM,2024/2025,VIETNAM 2,V League 2,659pm2N7,VIETNAM 2,09/11/2024,12:15,Round 3,Ho Chi Minh 2,IiSwji56,Truong Tuoi Dong Nai,6g0U8aqi,False,0,1,,,,,,[],[],,0,0,0,,0,0,0,,0,0,0,,0,0,,0,0,,0,0,,0,0,,0,0,,0,0,,0,0,,0,0,,0,0,,0,0,,0,0,,0,0,,0,0,,0,0,,0,0,0,,0,0,0,,0,0,0,,0,0,,0,0,,0,0,,0,0,0,0,0,0,0,0,0,,0,0,,0,0,,0,0,,0,,0,,0,,0,,0,,0,,0,,0,,0,,0,,0,,0,,0,,0,,0,,0,0,,0,0,,0,0,,0,0,,0,0,,0,0,,0,0,,0,0,,0,0,,0,0,,0,0,0,,0,0,0,,0,0,0,,0,0,0,,0,0,0,,0,0,0,,,,,,,,,,,,,,,,,,,,,,,,,,,,,,,,,,,,,,,,,,,,,,,,,,,,,,,,,,,,,,,,,,,,,,,,,,,,,,,,,,,,,,,,,,,,,,,,,,,,,,,,,,,,,,,,,,,,,,,,,,,,,,,,,,,,,,,,,,,,,,,,,,,,,,,,,,,,,,,,,,,,,,,,,,,,,,,,,,,,,,,,,,,,,,,,,,,,,,,,,,,,
GAssTZYP,VIETNAM,2024/2025,VIETNAM 2,V League 2,659pm2N7,VIETNAM 2,09/11/2024,09:00,Round 3,Long An,40Z46ke6,Dong Thap,lvKbDDmQ,False,1,1,,,,,,[],[],,0,0,0,,0,0,0,,0,0,0,,0,0,,0,0,,0,0,,0,0,,0,0,,0,0,,0,0,,0,0,,0,0,,0,0,,0,0,,0,0,,0,0,,0,0,,0,0,0,,0,0,0,,0,0,0,,0,0,,0,0,,0,0,,0,0,0,0,0,0,0,0,0,,0,0,,0,0,,0,0,,0,,0,,0,,0,,0,,0,,0,,0,,0,,0,,0,,0,,0,,0,,0,,0,0,,0,0,,0,0,,0,0,,0,0,,0,0,,0,0,,0,0,,0,0,,0,0,,0,0,0,,0,0,0,,0,0,0,,0,0,0,,0,0,0,,0,0,0,,,,,,,,,,,,,,,,,,,,,,,,,,,,,,,,,,,,,,,,,,,,,,,,,,,,,,,,,,,,,,,,,,,,,,,,,,,,,,,,,,,,,,,,,,,,,,,,,,,,,,,,,,,,,,,,,,,,,,,,,,,,,,,,,,,,,,,,,,,,,,,,,,,,,,,,,,,,,,,,,,,,,,,,,,,,,,,,,,,,,,,,,,,,,,,,,,,,,,,,,,,,
4zGUJVeC,VIETNAM,2024/2025,VIETNAM 2,V League 2,659pm2N7,VIETNAM 2,09/11/2024,08:00,Round 3,Hue,OjxcKNsg,PVF-CAND,WSRPbuTF,False,0,3,,,,,,[],[],,0,0,0,,0,0,0,,0,0,0,,0,0,,0,0,,0,0,,0,0,,0,0,,0,0,,0,0,,0,0,,0,0,,0,0,,0,0,,0,0,,0,0,,0,0,,0,0,0,,0,0,0,,0,0,0,,0,0,,0,0,,0,0,,0,0,0,0,0,0,0,0,0,,0,0,,0,0,,0,0,,0,,0,,0,,0,,0,,0,,0,,0,,0,,0,,0,,0,,0,,0,,0,,0,0,,0,0,,0,0,,0,0,,0,0,,0,0,,0,0,,0,0,,0,0,,0,0,,0,0,0,,0,0,0,,0,0,0,,0,0,0,,0,0,0,,0,0,0,,,,,,,,,,,,,,,,,,,,,,,,,,,,,,,,,,,,,,,,,,,,,,,,,,,,,,,,,,,,,,,,,,,,,,,,,,,,,,,,,,,,,,,,,,,,,,,,,,,,,,,,,,,,,,,,,,,,,,,,,,,,,,,,,,,,,,,,,,,,,,,,,,,,,,,,,,,,,,,,,,,,,,,,,,,,,,,,,,,,,,,,,,,,,,,,,,,,,,,,,,,,
Mibv9Esf,VIETNAM,2024/2025,VIETNAM 2,V League 2,659pm2N7,VIETNAM 2,03/11/2024,09:00,Round 2,Dong Thap,lvKbDDmQ,Ho Chi Minh 2,IiSwji56,False,0,0,,,,,,[],[],,0,0,0,,0,0,0,,0,0,0,,0,0,,0,0,,0,0,,0,0,,0,0,,0,0,,0,0,,0,0,,0,0,,0,0,,0,0,,0,0,,0,0,,0,0,,0,0,0,,0,0,0,,0,0,0,,0,0,,0,0,,0,0,,0,0,0,0,0,0,0,0,0,,0,0,,0,0,,0,0,,0,,0,,0,,0,,0,,0,,0,,0,,0,,0,,0,,0,,0,,0,,0,,0,0,,0,0,,0,0,,0,0,,0,0,,0,0,,0,0,,0,0,,0,0,,0,0,,0,0,0,,0,0,0,,0,0,0,,0,0,0,,0,0,0,,0,0,0,,,,,,,,,,,,,,,,,,,,,,,,,,,,,,,,,,,,,,,,,,,,,,,,,,,,,,,,,,,,,,,,,,,,,,,,,,,,,,,,,,,,,,,,,,,,,,,,,,,,,,,,,,,,,,,,,,,,,,,,,,,,,,,,,,,,,,,,,,,,,,,,,,,,,,,,,,,,,,,,,,,,,,,,,,,,,,,,,,,,,,,,,,,,,,,,,,,,,,,,,,,,
f5dn7hC6,VIETNAM,2024/2025,VIETNAM 2,V League 2,659pm2N7,VIETNAM 2,03/11/2024,09:00,Round 2,Phu Dong Ninh Binh,GtBp2ZoS,Long An,40Z46ke6,False,2,0,,,,,,[],[],,0,0,0,,0,0,0,,0,0,0,,0,0,,0,0,,0,0,,0,0,,0,0,,0,0,,0,0,,0,0,,0,0,,0,0,,0,0,,0,0,,0,0,,0,0,,0,0,0,,0,0,0,,0,0,0,,0,0,,0,0,,0,0,,0,0,0,0,0,0,0,0,0,,0,0,,0,0,,0,0,,0,,0,,0,,0,,0,,0,,0,,0,,0,,0,,0,,0,,0,,0,,0,,0,0,,0,0,,0,0,,0,0,,0,0,,0,0,,0,0,,0,0,,0,0,,0,0,,0,0,0,,0,0,0,,0,0,0,,0,0,0,,0,0,0,,0,0,0,,,,,,,,,,,,,,,,,,,,,,,,,,,,,,,,,,,,,,,,,,,,,,,,,,,,,,,,,,,,,,,,,,,,,,,,,,,,,,,,,,,,,,,,,,,,,,,,,,,,,,,,,,,,,,,,,,,,,,,,,,,,,,,,,,,,,,,,,,,,,,,,,,,,,,,,,,,,,,,,,,,,,,,,,,,,,,,,,,,,,,,,,,,,,,,,,,,,,,,,,,,,
jXke5WtJ,VIETNAM,2024/2025,VIETNAM 2,V League 2,659pm2N7,VIETNAM 2,03/11/2024,08:00,Round 2,PVF-CAND,WSRPbuTF,Hoa Binh,OE9clfNc,False,2,1,,,,,,[],[],,0,0,0,,0,0,0,,0,0,0,,0,0,,0,0,,0,0,,0,0,,0,0,,0,0,,0,0,,0,0,,0,0,,0,0,,0,0,,0,0,,0,0,,0,0,,0,0,0,,0,0,0,,0,0,0,,0,0,,0,0,,0,0,,0,0,0,0,0,0,0,0,0,,0,0,,0,0,,0,0,,0,,0,,0,,0,,0,,0,,0,,0,,0,,0,,0,,0,,0,,0,,0,,0,0,,0,0,,0,0,,0,0,,0,0,,0,0,,0,0,,0,0,,0,0,,0,0,,0,0,0,,0,0,0,,0,0,0,,0,0,0,,0,0,0,,0,0,0,,,,,,,,,,,,,,,,,,,,,,,,,,,,,,,,,,,,,,,,,,,,,,,,,,,,,,,,,,,,,,,,,,,,,,,,,,,,,,,,,,,,,,,,,,,,,,,,,,,,,,,,,,,,,,,,,,,,,,,,,,,,,,,,,,,,,,,,,,,,,,,,,,,,,,,,,,,,,,,,,,,,,,,,,,,,,,,,,,,,,,,,,,,,,,,,,,,,,,,,,,,,
QP4VAzDs,VIETNAM,2024/2025,VIETNAM 2,V League 2,659pm2N7,VIETNAM 2,02/11/2024,11:00,Round 2,Truong Tuoi Dong Nai,6g0U8aqi,Khanh Hoa,Myp07Vu0,False,2,0,,,,,,[],[],,0,0,0,,0,0,0,,0,0,0,,0,0,,0,0,,0,0,,0,0,,0,0,,0,0,,0,0,,0,0,,0,0,,0,0,,0,0,,0,0,,0,0,,0,0,,0,0,0,,0,0,0,,0,0,0,,0,0,,0,0,,0,0,,0,0,0,0,0,0,0,0,0,,0,0,,0,0,,0,0,,0,,0,,0,,0,,0,,0,,0,,0,,0,,0,,0,,0,,0,,0,,0,,0,0,,0,0,,0,0,,0,0,,0,0,,0,0,,0,0,,0,0,,0,0,,0,0,,0,0,0,,0,0,0,,0,0,0,,0,0,0,,0,0,0,,0,0,0,,,,,,,,,,,,,,,,,,,,,,,,,,,,,,,,,,,,,,,,,,,,,,,,,,,,,,,,,,,,,,,,,,,,,,,,,,,,,,,,,,,,,,,,,,,,,,,,,,,,,,,,,,,,,,,,,,,,,,,,,,,,,,,,,,,,,,,,,,,,,,,,,,,,,,,,,,,,,,,,,,,,,,,,,,,,,,,,,,,,,,,,,,,,,,,,,,,,,,,,,,,,
GjJaGdkK,VIETNAM,2024/2025,VIETNAM 2,V League 2,659pm2N7,VIETNAM 2,02/11/2024,09:00,Round 2,Dong Nai,fydUYIh4,Hue,OjxcKNsg,False,1,3,,,,,,[],[],,0,0,0,,0,0,0,,0,0,0,,0,0,,0,0,,0,0,,0,0,,0,0,,0,0,,0,0,,0,0,,0,0,,0,0,,0,0,,0,0,,0,0,,0,0,,0,0,0,,0,0,0,,0,0,0,,0,0,,0,0,,0,0,,0,0,0,0,0,0,0,0,0,,0,0,,0,0,,0,0,,0,,0,,0,,0,,0,,0,,0,,0,,0,,0,,0,,0,,0,,0,,0,,0,0,,0,0,,0,0,,0,0,,0,0,,0,0,,0,0,,0,0,,0,0,,0,0,,0,0,0,,0,0,0,,0,0,0,,0,0,0,,0,0,0,,0,0,0,,,,,,,,,,,,,,,,,,,,,,,,,,,,,,,,,,,,,,,,,,,,,,,,,,,,,,,,,,,,,,,,,,,,,,,,,,,,,,,,,,,,,,,,,,,,,,,,,,,,,,,,,,,,,,,,,,,,,,,,,,,,,,,,,,,,,,,,,,,,,,,,,,,,,,,,,,,,,,,,,,,,,,,,,,,,,,,,,,,,,,,,,,,,,,,,,,,,,,,,,,,,
WAqq7kck,VIETNAM,2024/2025,VIETNAM 2,V League 2,659pm2N7,VIETNAM 2,27/10/2024,09:00,Round 1,Ho Chi Minh City,z5ftUOgs,Dong Nai,fydUYIh4,False,4,1,,,,,,[],[],,0,0,0,,0,0,0,,0,0,0,,0,0,,0,0,,0,0,,0,0,,0,0,,0,0,,0,0,,0,0,,0,0,,0,0,,0,0,,0,0,,0,0,,0,0,,0,0,0,,0,0,0,,0,0,0,,0,0,,0,0,,0,0,,0,0,0,0,0,0,0,0,0,,0,0,,0,0,,0,0,,0,,0,,0,,0,,0,,0,,0,,0,,0,,0,,0,,0,,0,,0,,0,,0,0,,0,0,,0,0,,0,0,,0,0,,0,0,,0,0,,0,0,,0,0,,0,0,,0,0,0,,0,0,0,,0,0,0,,0,0,0,,0,0,0,,0,0,0,,,,,,,,,,,,,,,,,,,,,,,,,,,,,,,,,,,,,,,,,,,,,,,,,,,,,,,,,,,,,,,,,,,,,,,,,,,,,,,,,,,,,,,,,,,,,,,,,,,,,,,,,,,,,,,,,,,,,,,,,,,,,,,,,,,,,,,,,,,,,,,,,,,,,,,,,,,,,,,,,,,,,,,,,,,,,,,,,,,,,,,,,,,,,,,,,,,,,,,,,,,,
tQxCEX4F,VIETNAM,2024/2025,VIETNAM 2,V League 2,659pm2N7,VIETNAM 2,27/10/2024,09:00,Round 1,Long An,40Z46ke6,PVF-CAND,WSRPbuTF,False,0,0,,,,,,[],[],,0,0,0,,0,0,0,,0,0,0,,0,0,,0,0,,0,0,,0,0,,0,0,,0,0,,0,0,,0,0,,0,0,,0,0,,0,0,,0,0,,0,0,,0,0,,0,0,0,,0,0,0,,0,0,0,,0,0,,0,0,,0,0,,0,0,0,0,0,0,0,0,0,,0,0,,0,0,,0,0,,0,,0,,0,,0,,0,,0,,0,,0,,0,,0,,0,,0,,0,,0,,0,,0,0,,0,0,,0,0,,0,0,,0,0,,0,0,,0,0,,0,0,,0,0,,0,0,,0,0,0,,0,0,0,,0,0,0,,0,0,0,,0,0,0,,0,0,0,,,,,,,,,,,,,,,,,,,,,,,,,,,,,,,,,,,,,,,,,,,,,,,,,,,,,,,,,,,,,,,,,,,,,,,,,,,,,,,,,,,,,,,,,,,,,,,,,,,,,,,,,,,,,,,,,,,,,,,,,,,,,,,,,,,,,,,,,,,,,,,,,,,,,,,,,,,,,,,,,,,,,,,,,,,,,,,,,,,,,,,,,,,,,,,,,,,,,,,,,,,,
0ShDCBZR,VIETNAM,2024/2025,VIETNAM 2,V League 2,659pm2N7,VIETNAM 2,26/10/2024,11:00,Round 1,Khanh Hoa,Myp07Vu0,Phu Dong Ninh Binh,GtBp2ZoS,False,0,1,,,,,,[],[],,0,0,0,,0,0,0,,0,0,0,,0,0,,0,0,,0,0,,0,0,,0,0,,0,0,,0,0,,0,0,,0,0,,0,0,,0,0,,0,0,,0,0,,0,0,,0,0,0,,0,0,0,,0,0,0,,0,0,,0,0,,0,0,,0,0,0,0,0,0,0,0,0,,0,0,,0,0,,0,0,,0,,0,,0,,0,,0,,0,,0,,0,,0,,0,,0,,0,,0,,0,,0,,0,0,,0,0,,0,0,,0,0,,0,0,,0,0,,0,0,,0,0,,0,0,,0,0,,0,0,0,,0,0,0,,0,0,0,,0,0,0,,0,0,0,,0,0,0,,,,,,,,,,,,,,,,,,,,,,,,,,,,,,,,,,,,,,,,,,,,,,,,,,,,,,,,,,,,,,,,,,,,,,,,,,,,,,,,,,,,,,,,,,,,,,,,,,,,,,,,,,,,,,,,,,,,,,,,,,,,,,,,,,,,,,,,,,,,,,,,,,,,,,,,,,,,,,,,,,,,,,,,,,,,,,,,,,,,,,,,,,,,,,,,,,,,,,,,,,,,
hQXi5TR1,VIETNAM,2024/2025,VIETNAM 2,V League 2,659pm2N7,VIETNAM 2,26/10/2024,08:30,Round 1,Hue,OjxcKNsg,Dong Thap,lvKbDDmQ,False,1,1,,,,,,[],[],,0,0,0,,0,0,0,,0,0,0,,0,0,,0,0,,0,0,,0,0,,0,0,,0,0,,0,0,,0,0,,0,0,,0,0,,0,0,,0,0,,0,0,,0,0,,0,0,0,,0,0,0,,0,0,0,,0,0,,0,0,,0,0,,0,0,0,0,0,0,0,0,0,,0,0,,0,0,,0,0,,0,,0,,0,,0,,0,,0,,0,,0,,0,,0,,0,,0,,0,,0,,0,,0,0,,0,0,,0,0,,0,0,,0,0,,0,0,,0,0,,0,0,,0,0,,0,0,,0,0,0,,0,0,0,,0,0,0,,0,0,0,,0,0,0,,0,0,0,,,,,,,,,,,,,,,,,,,,,,,,,,,,,,,,,,,,,,,,,,,,,,,,,,,,,,,,,,,,,,,,,,,,,,,,,,,,,,,,,,,,,,,,,,,,,,,,,,,,,,,,,,,,,,,,,,,,,,,,,,,,,,,,,,,,,,,,,,,,,,,,,,,,,,,,,,,,,,,,,,,,,,,,,,,,,,,,,,,,,,,,,,,,,,,,,,,,,,,,,,,,
KWPwTWJ8,VIETNAM,2024/2025,VIETNAM 2,V League 2,659pm2N7,VIETNAM 2,26/10/2024,10:00,Round 1,Hoa Binh,OE9clfNc,Truong Tuoi Dong Nai,6g0U8aqi,False,0,0,,,,,,[],[],,0,0,0,,0,0,0,,0,0,0,,0,0,,0,0,,0,0,,0,0,,0,0,,0,0,,0,0,,0,0,,0,0,,0,0,,0,0,,0,0,,0,0,,0,0,,0,0,0,,0,0,0,,0,0,0,,0,0,,0,0,,0,0,,0,0,0,0,0,0,0,0,0,,0,0,,0,0,,0,0,,0,,0,,0,,0,,0,,0,,0,,0,,0,,0,,0,,0,,0,,0,,0,,0,0,,0,0,,0,0,,0,0,,0,0,,0,0,,0,0,,0,0,,0,0,,0,0,,0,0,0,,0,0,0,,0,0,0,,0,0,0,,0,0,0,,0,0,0,,,,,,,,,,,,,,,,,,,,,,,,,,,,,,,,,,,,,,,,,,,,,,,,,,,,,,,,,,,,,,,,,,,,,,,,,,,,,,,,,,,,,,,,,,,,,,,,,,,,,,,,,,,,,,,,,,,,,,,,,,,,,,,,,,,,,,,,,,,,,,,,,,,,,,,,,,,,,,,,,,,,,,,,,,,,,,,,,,,,,,,,,,,,,,,,,,,,,,,,,,,,
zcgBSavp,VIETNAM,2024/2025,VIETNAM 2,V League 2,659pm2N7,VIETNAM 2,19/11/2024,08:00,Round 5,PVF-CAND,WSRPbuTF,Phu Dong Ninh Binh,GtBp2ZoS,False,0,3,,,,,,[],[],,0,0,0,,0,0,0,,0,0,0,,0,0,,0,0,,0,0,,0,0,,0,0,,0,0,,0,0,,0,0,,0,0,,0,0,,0,0,,0,0,,0,0,,0,0,,0,0,0,,0,0,0,,0,0,0,,0,0,,0,0,,0,0,,0,0,0,0,0,0,0,0,0,,0,0,,0,0,,0,0,,0,,0,,0,,0,,0,,0,,0,,0,,0,,0,,0,,0,,0,,0,,0,,0,0,,0,0,,0,0,,0,0,,0,0,,0,0,,0,0,,0,0,,0,0,,0,0,,0,0,0,,0,0,0,,0,0,0,,0,0,0,,0,0,0,,0,0,0,,,,,,,,,,,,,,,,,,,,,,,,,,,,,,,,,,,,,,,,,,,,,,,,,,,,,,,,,,,,,,,,,,,,,,,,,,,,,,,,,,,,,,,,,,,,,,,,,,,,,,,,,,,,,,,,,,,,,,,,,,,,,,,,,,,,,,,,,,,,,,,,,,,,,,,,,,,,,,,,,,,,,,,,,,,,,,,,,,,,,,,,,,,,,,,,,,,,,,,,,,,,
CGqMljen,VIETNAM,2024/2025,VIETNAM 2,V League 2,659pm2N7,VIETNAM 2,16/11/2024,09:00,Round 4,Dong Nai,fydUYIh4,Long An,40Z46ke6,False,0,0,,,,,,[],[],,0,0,0,,0,0,0,,0,0,0,,0,0,,0,0,,0,0,,0,0,,0,0,,0,0,,0,0,,0,0,,0,0,,0,0,,0,0,,0,0,,0,0,,0,0,,0,0,0,,0,0,0,,0,0,0,,0,0,,0,0,,0,0,,0,0,0,0,0,0,0,0,0,,0,0,,0,0,,0,0,,0,,0,,0,,0,,0,,0,,0,,0,,0,,0,,0,,0,,0,,0,,0,,0,0,,0,0,,0,0,,0,0,,0,0,,0,0,,0,0,,0,0,,0,0,,0,0,,0,0,0,,0,0,0,,0,0,0,,0,0,0,,0,0,0,,0,0,0,,,,,,,,,,,,,,,,,,,,,,,,,,,,,,,,,,,,,,,,,,,,,,,,,,,,,,,,,,,,,,,,,,,,,,,,,,,,,,,,,,,,,,,,,,,,,,,,,,,,,,,,,,,,,,,,,,,,,,,,,,,,,,,,,,,,,,,,,,,,,,,,,,,,,,,,,,,,,,,,,,,,,,,,,,,,,,,,,,,,,,,,,,,,,,,,,,,,,,,,,,,,
d49CUnAU,VIETNAM,2024/2025,VIETNAM 2,V League 2,659pm2N7,VIETNAM 2,15/11/2024,11:00,Round 4,Phu Dong Ninh Binh,GtBp2ZoS,Hue,OjxcKNsg,False,2,1,,,,,,[],[],,0,0,0,,0,0,0,,0,0,0,,0,0,,0,0,,0,0,,0,0,,0,0,,0,0,,0,0,,0,0,,0,0,,0,0,,0,0,,0,0,,0,0,,0,0,,0,0,0,,0,0,0,,0,0,0,,0,0,,0,0,,0,0,,0,0,0,0,0,0,0,0,0,,0,0,,0,0,,0,0,,0,,0,,0,,0,,0,,0,,0,,0,,0,,0,,0,,0,,0,,0,,0,,0,0,,0,0,,0,0,,0,0,,0,0,,0,0,,0,0,,0,0,,0,0,,0,0,,0,0,0,,0,0,0,,0,0,0,,0,0,0,,0,0,0,,0,0,0,,,,,,,,,,,,,,,,,,,,,,,,,,,,,,,,,,,,,,,,,,,,,,,,,,,,,,,,,,,,,,,,,,,,,,,,,,,,,,,,,,,,,,,,,,,,,,,,,,,,,,,,,,,,,,,,,,,,,,,,,,,,,,,,,,,,,,,,,,,,,,,,,,,,,,,,,,,,,,,,,,,,,,,,,,,,,,,,,,,,,,,,,,,,,,,,,,,,,,,,,,,,
pO41Bvr4,VIETNAM,2024/2025,VIETNAM 2,V League 2,659pm2N7,VIETNAM 2,10/05/2025,09:00,Round 18,Dong Nai,fydUYIh4,Dong Thap,lvKbDDmQ,False,1,0,,,,,,[],[],,0,0,0,,0,0,0,,0,0,0,,0,0,,0,0,,0,0,,0,0,,0,0,,0,0,,0,0,,0,0,,0,0,,0,0,,0,0,,0,0,,0,0,,0,0,,0,0,0,,0,0,0,,0,0,0,,0,0,,0,0,,0,0,,0,0,0,0,0,0,0,0,0,,0,0,,0,0,,0,0,,0,,0,,0,,0,,0,,0,,0,,0,,0,,0,,0,,0,,0,,0,,0,,0,0,,0,0,,0,0,,0,0,,0,0,,0,0,,0,0,,0,0,,0,0,,0,0,,0,0,0,,0,0,0,,0,0,0,,0,0,0,,0,0,0,,0,0,0,,,,,,,,,,,,,,,,,,,,,,,,,,,,,,,,,,,,,,,,,,,,,,,,,,,,,,,,,,,,,,,,,,,,,,,,,,,,,,,,,,,,,,,,,,,,,,,,,,,,,,,,,,,,,,,,,,,,,,,,,,,,,,,,,,,,,,,,,,,,,,,,,,,,,,,,,,,,,,,,,,,,,,,,,,,,,,,,,,,,,,,,,,,,,,,,,,,,,,,,,,,,
jwm0qPgm,VIETNAM,2024/2025,VIETNAM 2,V League 2,659pm2N7,VIETNAM 2,21/06/2025,09:00,Round 22,Truong Tuoi Dong Nai,6g0U8aqi,Long An,40Z46ke6,False,3,0,,,,,,[],[],,0,0,0,,0,0,0,,0,0,0,,0,0,,0,0,,0,0,,0,0,,0,0,,0,0,,0,0,,0,0,,0,0,,0,0,,0,0,,0,0,,0,0,,0,0,,0,0,0,,0,0,0,,0,0,0,,0,0,,0,0,,0,0,,0,0,0,0,0,0,0,0,0,,0,0,,0,0,,0,0,,0,,0,,0,,0,,0,,0,,0,,0,,0,,0,,0,,0,,0,,0,,0,,0,0,,0,0,,0,0,,0,0,,0,0,,0,0,,0,0,,0,0,,0,0,,0,0,,0,0,0,,0,0,0,,0,0,0,,0,0,0,,0,0,0,,0,0,0,,,,,,,,,,,,,,,,,,,,,,,,,,,,,,,,,,,,,,,,,,,,,,,,,,,,,,,,,,,,,,,,,,,,,,,,,,,,,,,,,,,,,,,,,,,,,,,,,,,,,,,,,,,,,,,,,,,,,,,,,,,,,,,,,,,,,,,,,,,,,,,,,,,,,,,,,,,,,,,,,,,,,,,,,,,,,,,,,,,,,,,,,,,,,,,,,,,,,,,,,,,,
6VfKN8XQ,VIETNAM,2024/2025,VIETNAM 2,V League 2,659pm2N7,VIETNAM 2,26/05/2025,08:30,Round 20,Hue,OjxcKNsg,Long An,40Z46ke6,False,0,0,,,,,,[],[],,0,0,0,,0,0,0,,0,0,0,,0,0,,0,0,,0,0,,0,0,,0,0,,0,0,,0,0,,0,0,,0,0,,0,0,,0,0,,0,0,,0,0,,0,0,,0,0,0,,0,0,0,,0,0,0,,0,0,,0,0,,0,0,,0,0,0,0,0,0,0,0,0,,0,0,,0,0,,0,0,,0,,0,,0,,0,,0,,0,,0,,0,,0,,0,,0,,0,,0,,0,,0,,0,0,,0,0,,0,0,,0,0,,0,0,,0,0,,0,0,,0,0,,0,0,,0,0,,0,0,0,,0,0,0,,0,0,0,,0,0,0,,0,0,0,,0,0,0,,,,,,,,,,,,,,,,,,,,,,,,,,,,,,,,,,,,,,,,,,,,,,,,,,,,,,,,,,,,,,,,,,,,,,,,,,,,,,,,,,,,,,,,,,,,,,,,,,,,,,,,,,,,,,,,,,,,,,,,,,,,,,,,,,,,,,,,,,,,,,,,,,,,,,,,,,,,,,,,,,,,,,,,,,,,,,,,,,,,,,,,,,,,,,,,,,,,,,,,,,,,
b1BlNYxo,VIETNAM,2024/2025,VIETNAM 2,V League 2,659pm2N7,VIETNAM 2,21/06/2025,09:00,Round 22,Dong Thap,lvKbDDmQ,Phu Dong Ninh Binh,GtBp2ZoS,False,1,2,,,,,,[],[],,0,0,0,,0,0,0,,0,0,0,,0,0,,0,0,,0,0,,0,0,,0,0,,0,0,,0,0,,0,0,,0,0,,0,0,,0,0,,0,0,,0,0,,0,0,,0,0,0,,0,0,0,,0,0,0,,0,0,,0,0,,0,0,,0,0,0,0,0,0,0,0,0,,0,0,,0,0,,0,0,,0,,0,,0,,0,,0,,0,,0,,0,,0,,0,,0,,0,,0,,0,,0,,0,0,,0,0,,0,0,,0,0,,0,0,,0,0,,0,0,,0,0,,0,0,,0,0,,0,0,0,,0,0,0,,0,0,0,,0,0,0,,0,0,0,,0,0,0,,,,,,,,,,,,,,,,,,,,,,,,,,,,,,,,,,,,,,,,,,,,,,,,,,,,,,,,,,,,,,,,,,,,,,,,,,,,,,,,,,,,,,,,,,,,,,,,,,,,,,,,,,,,,,,,,,,,,,,,,,,,,,,,,,,,,,,,,,,,,,,,,,,,,,,,,,,,,,,,,,,,,,,,,,,,,,,,,,,,,,,,,,,,,,,,,,,,,,,,,,,,
Chy9s3Oa,VIETNAM,2024/2025,VIETNAM 2,V League 2,659pm2N7,VIETNAM 2,21/06/2025,09:00,Round 22,Ho Chi Minh 2,IiSwji56,Khanh Hoa,Myp07Vu0,False,3,1,,,,,,[],[],,0,0,0,,0,0,0,,0,0,0,,0,0,,0,0,,0,0,,0,0,,0,0,,0,0,,0,0,,0,0,,0,0,,0,0,,0,0,,0,0,,0,0,,0,0,,0,0,0,,0,0,0,,0,0,0,,0,0,,0,0,,0,0,,0,0,0,0,0,0,0,0,0,,0,0,,0,0,,0,0,,0,,0,,0,,0,,0,,0,,0,,0,,0,,0,,0,,0,,0,,0,,0,,0,0,,0,0,,0,0,,0,0,,0,0,,0,0,,0,0,,0,0,,0,0,,0,0,,0,0,0,,0,0,0,,0,0,0,,0,0,0,,0,0,0,,0,0,0,,,,,,,,,,,,,,,,,,,,,,,,,,,,,,,,,,,,,,,,,,,,,,,,,,,,,,,,,,,,,,,,,,,,,,,,,,,,,,,,,,,,,,,,,,,,,,,,,,,,,,,,,,,,,,,,,,,,,,,,,,,,,,,,,,,,,,,,,,,,,,,,,,,,,,,,,,,,,,,,,,,,,,,,,,,,,,,,,,,,,,,,,,,,,,,,,,,,,,,,,,,,
CWaYUPvf,VIETNAM,2024/2025,VIETNAM 2,V League 2,659pm2N7,VIETNAM 2,14/06/2025,09:00,Round 21,Phu Dong Ninh Binh,GtBp2ZoS,Truong Tuoi Dong Nai,6g0U8aqi,False,3,0,,,,,,[],[],,0,0,0,,0,0,0,,0,0,0,,0,0,,0,0,,0,0,,0,0,,0,0,,0,0,,0,0,,0,0,,0,0,,0,0,,0,0,,0,0,,0,0,,0,0,,0,0,0,,0,0,0,,0,0,0,,0,0,,0,0,,0,0,,0,0,0,0,0,0,0,0,0,,0,0,,0,0,,0,0,,0,,0,,0,,0,,0,,0,,0,,0,,0,,0,,0,,0,,0,,0,,0,,0,0,,0,0,,0,0,,0,0,,0,0,,0,0,,0,0,,0,0,,0,0,,0,0,,0,0,0,,0,0,0,,0,0,0,,0,0,0,,0,0,0,,0,0,0,,,,,,,,,,,,,,,,,,,,,,,,,,,,,,,,,,,,,,,,,,,,,,,,,,,,,,,,,,,,,,,,,,,,,,,,,,,,,,,,,,,,,,,,,,,,,,,,,,,,,,,,,,,,,,,,,,,,,,,,,,,,,,,,,,,,,,,,,,,,,,,,,,,,,,,,,,,,,,,,,,,,,,,,,,,,,,,,,,,,,,,,,,,,,,,,,,,,,,,,,,,,
tCikRsvJ,VIETNAM,2024/2025,VIETNAM 2,V League 2,659pm2N7,VIETNAM 2,14/06/2025,09:00,Round 21,Ho Chi Minh City,z5ftUOgs,Dong Thap,lvKbDDmQ,False,0,2,,,,,,[],[],,0,0,0,,0,0,0,,0,0,0,,0,0,,0,0,,0,0,,0,0,,0,0,,0,0,,0,0,,0,0,,0,0,,0,0,,0,0,,0,0,,0,0,,0,0,,0,0,0,,0,0,0,,0,0,0,,0,0,,0,0,,0,0,,0,0,0,0,0,0,0,0,0,,0,0,,0,0,,0,0,,0,,0,,0,,0,,0,,0,,0,,0,,0,,0,,0,,0,,0,,0,,0,,0,0,,0,0,,0,0,,0,0,,0,0,,0,0,,0,0,,0,0,,0,0,,0,0,,0,0,0,,0,0,0,,0,0,0,,0,0,0,,0,0,0,,0,0,0,,,,,,,,,,,,,,,,,,,,,,,,,,,,,,,,,,,,,,,,,,,,,,,,,,,,,,,,,,,,,,,,,,,,,,,,,,,,,,,,,,,,,,,,,,,,,,,,,,,,,,,,,,,,,,,,,,,,,,,,,,,,,,,,,,,,,,,,,,,,,,,,,,,,,,,,,,,,,,,,,,,,,,,,,,,,,,,,,,,,,,,,,,,,,,,,,,,,,,,,,,,,
46dQWoAs,VIETNAM,2024/2025,VIETNAM 2,V League 2,659pm2N7,VIETNAM 2,14/06/2025,09:00,Round 21,Long An,40Z46ke6,Hoa Binh,OE9clfNc,False,2,1,,,,,,[],[],,0,0,0,,0,0,0,,0,0,0,,0,0,,0,0,,0,0,,0,0,,0,0,,0,0,,0,0,,0,0,,0,0,,0,0,,0,0,,0,0,,0,0,,0,0,,0,0,0,,0,0,0,,0,0,0,,0,0,,0,0,,0,0,,0,0,0,0,0,0,0,0,0,,0,0,,0,0,,0,0,,0,,0,,0,,0,,0,,0,,0,,0,,0,,0,,0,,0,,0,,0,,0,,0,0,,0,0,,0,0,,0,0,,0,0,,0,0,,0,0,,0,0,,0,0,,0,0,,0,0,0,,0,0,0,,0,0,0,,0,0,0,,0,0,0,,0,0,0,,,,,,,,,,,,,,,,,,,,,,,,,,,,,,,,,,,,,,,,,,,,,,,,,,,,,,,,,,,,,,,,,,,,,,,,,,,,,,,,,,,,,,,,,,,,,,,,,,,,,,,,,,,,,,,,,,,,,,,,,,,,,,,,,,,,,,,,,,,,,,,,,,,,,,,,,,,,,,,,,,,,,,,,,,,,,,,,,,,,,,,,,,,,,,,,,,,,,,,,,,,,
KfdUloWP,VIETNAM,2024/2025,VIETNAM 2,V League 2,659pm2N7,VIETNAM 2,14/06/2025,09:00,Round 21,Hue,OjxcKNsg,Ho Chi Minh 2,IiSwji56,False,1,0,,,,,,[],[],,0,0,0,,0,0,0,,0,0,0,,0,0,,0,0,,0,0,,0,0,,0,0,,0,0,,0,0,,0,0,,0,0,,0,0,,0,0,,0,0,,0,0,,0,0,,0,0,0,,0,0,0,,0,0,0,,0,0,,0,0,,0,0,,0,0,0,0,0,0,0,0,0,,0,0,,0,0,,0,0,,0,,0,,0,,0,,0,,0,,0,,0,,0,,0,,0,,0,,0,,0,,0,,0,0,,0,0,,0,0,,0,0,,0,0,,0,0,,0,0,,0,0,,0,0,,0,0,,0,0,0,,0,0,0,,0,0,0,,0,0,0,,0,0,0,,0,0,0,,,,,,,,,,,,,,,,,,,,,,,,,,,,,,,,,,,,,,,,,,,,,,,,,,,,,,,,,,,,,,,,,,,,,,,,,,,,,,,,,,,,,,,,,,,,,,,,,,,,,,,,,,,,,,,,,,,,,,,,,,,,,,,,,,,,,,,,,,,,,,,,,,,,,,,,,,,,,,,,,,,,,,,,,,,,,,,,,,,,,,,,,,,,,,,,,,,,,,,,,,,,
jebzoxVi,VIETNAM,2024/2025,VIETNAM 2,V League 2,659pm2N7,VIETNAM 2,21/06/2025,09:00,Round 22,PVF-CAND,WSRPbuTF,Dong Nai,fydUYIh4,False,3,0,,,,,,[],[],,0,0,0,,0,0,0,,0,0,0,,0,0,,0,0,,0,0,,0,0,,0,0,,0,0,,0,0,,0,0,,0,0,,0,0,,0,0,,0,0,,0,0,,0,0,,0,0,0,,0,0,0,,0,0,0,,0,0,,0,0,,0,0,,0,0,0,0,0,0,0,0,0,,0,0,,0,0,,0,0,,0,,0,,0,,0,,0,,0,,0,,0,,0,,0,,0,,0,,0,,0,,0,,0,0,,0,0,,0,0,,0,0,,0,0,,0,0,,0,0,,0,0,,0,0,,0,0,,0,0,0,,0,0,0,,0,0,0,,0,0,0,,0,0,0,,0,0,0,,,,,,,,,,,,,,,,,,,,,,,,,,,,,,,,,,,,,,,,,,,,,,,,,,,,,,,,,,,,,,,,,,,,,,,,,,,,,,,,,,,,,,,,,,,,,,,,,,,,,,,,,,,,,,,,,,,,,,,,,,,,,,,,,,,,,,,,,,,,,,,,,,,,,,,,,,,,,,,,,,,,,,,,,,,,,,,,,,,,,,,,,,,,,,,,,,,,,,,,,,,,
QFyiInel,VIETNAM,2024/2025,VIETNAM 2,V League 2,659pm2N7,VIETNAM 2,26/05/2025,10:00,Round 20,Khanh Hoa,Myp07Vu0,Ho Chi Minh City,z5ftUOgs,False,2,1,,,,,,[],[],,0,0,0,,0,0,0,,0,0,0,,0,0,,0,0,,0,0,,0,0,,0,0,,0,0,,0,0,,0,0,,0,0,,0,0,,0,0,,0,0,,0,0,,0,0,,0,0,0,,0,0,0,,0,0,0,,0,0,,0,0,,0,0,,0,0,0,0,0,0,0,0,0,,0,0,,0,0,,0,0,,0,,0,,0,,0,,0,,0,,0,,0,,0,,0,,0,,0,,0,,0,,0,,0,0,,0,0,,0,0,,0,0,,0,0,,0,0,,0,0,,0,0,,0,0,,0,0,,0,0,0,,0,0,0,,0,0,0,,0,0,0,,0,0,0,,0,0,0,,,,,,,,,,,,,,,,,,,,,,,,,,,,,,,,,,,,,,,,,,,,,,,,,,,,,,,,,,,,,,,,,,,,,,,,,,,,,,,,,,,,,,,,,,,,,,,,,,,,,,,,,,,,,,,,,,,,,,,,,,,,,,,,,,,,,,,,,,,,,,,,,,,,,,,,,,,,,,,,,,,,,,,,,,,,,,,,,,,,,,,,,,,,,,,,,,,,,,,,,,,,
KYKgx8nK,VIETNAM,2024/2025,VIETNAM 2,V League 2,659pm2N7,VIETNAM 2,27/05/2025,11:00,Round 20,Ho Chi Minh 2,IiSwji56,Hoa Binh,OE9clfNc,False,1,1,,,,,,[],[],,0,0,0,,0,0,0,,0,0,0,,0,0,,0,0,,0,0,,0,0,,0,0,,0,0,,0,0,,0,0,,0,0,,0,0,,0,0,,0,0,,0,0,,0,0,,0,0,0,,0,0,0,,0,0,0,,0,0,,0,0,,0,0,,0,0,0,0,0,0,0,0,0,,0,0,,0,0,,0,0,,0,,0,,0,,0,,0,,0,,0,,0,,0,,0,,0,,0,,0,,0,,0,,0,0,,0,0,,0,0,,0,0,,0,0,,0,0,,0,0,,0,0,,0,0,,0,0,,0,0,0,,0,0,0,,0,0,0,,0,0,0,,0,0,0,,0,0,0,,,,,,,,,,,,,,,,,,,,,,,,,,,,,,,,,,,,,,,,,,,,,,,,,,,,,,,,,,,,,,,,,,,,,,,,,,,,,,,,,,,,,,,,,,,,,,,,,,,,,,,,,,,,,,,,,,,,,,,,,,,,,,,,,,,,,,,,,,,,,,,,,,,,,,,,,,,,,,,,,,,,,,,,,,,,,,,,,,,,,,,,,,,,,,,,,,,,,,,,,,,,
pr1I3mte,VIETNAM,2024/2025,VIETNAM 2,V League 2,659pm2N7,VIETNAM 2,17/05/2025,11:00,Round 19,PVF-CAND,WSRPbuTF,Truong Tuoi Dong Nai,6g0U8aqi,False,0,0,,,,,,[],[],,0,0,0,,0,0,0,,0,0,0,,0,0,,0,0,,0,0,,0,0,,0,0,,0,0,,0,0,,0,0,,0,0,,0,0,,0,0,,0,0,,0,0,,0,0,,0,0,0,,0,0,0,,0,0,0,,0,0,,0,0,,0,0,,0,0,0,0,0,0,0,0,0,,0,0,,0,0,,0,0,,0,,0,,0,,0,,0,,0,,0,,0,,0,,0,,0,,0,,0,,0,,0,,0,0,,0,0,,0,0,,0,0,,0,0,,0,0,,0,0,,0,0,,0,0,,0,0,,0,0,0,,0,0,0,,0,0,0,,0,0,0,,0,0,0,,0,0,0,,,,,,,,,,,,,,,,,,,,,,,,,,,,,,,,,,,,,,,,,,,,,,,,,,,,,,,,,,,,,,,,,,,,,,,,,,,,,,,,,,,,,,,,,,,,,,,,,,,,,,,,,,,,,,,,,,,,,,,,,,,,,,,,,,,,,,,,,,,,,,,,,,,,,,,,,,,,,,,,,,,,,,,,,,,,,,,,,,,,,,,,,,,,,,,,,,,,,,,,,,,,
Y3sDPU2E,VIETNAM,2024/2025,VIETNAM 2,V League 2,659pm2N7,VIETNAM 2,18/05/2025,09:00,Round 19,Ho Chi Minh City,z5ftUOgs,Hue,OjxcKNsg,False,1,1,,,,,,[],[],,0,0,0,,0,0,0,,0,0,0,,0,0,,0,0,,0,0,,0,0,,0,0,,0,0,,0,0,,0,0,,0,0,,0,0,,0,0,,0,0,,0,0,,0,0,,0,0,0,,0,0,0,,0,0,0,,0,0,,0,0,,0,0,,0,0,0,0,0,0,0,0,0,,0,0,,0,0,,0,0,,0,,0,,0,,0,,0,,0,,0,,0,,0,,0,,0,,0,,0,,0,,0,,0,0,,0,0,,0,0,,0,0,,0,0,,0,0,,0,0,,0,0,,0,0,,0,0,,0,0,0,,0,0,0,,0,0,0,,0,0,0,,0,0,0,,0,0,0,,,,,,,,,,,,,,,,,,,,,,,,,,,,,,,,,,,,,,,,,,,,,,,,,,,,,,,,,,,,,,,,,,,,,,,,,,,,,,,,,,,,,,,,,,,,,,,,,,,,,,,,,,,,,,,,,,,,,,,,,,,,,,,,,,,,,,,,,,,,,,,,,,,,,,,,,,,,,,,,,,,,,,,,,,,,,,,,,,,,,,,,,,,,,,,,,,,,,,,,,,,,
4QK29ICG,VIETNAM,2024/2025,VIETNAM 2,V League 2,659pm2N7,VIETNAM 2,10/05/2025,10:00,Round 18,Khanh Hoa,Myp07Vu0,Hoa Binh,OE9clfNc,False,1,1,,,,,,[],[],,0,0,0,,0,0,0,,0,0,0,,0,0,,0,0,,0,0,,0,0,,0,0,,0,0,,0,0,,0,0,,0,0,,0,0,,0,0,,0,0,,0,0,,0,0,,0,0,0,,0,0,0,,0,0,0,,0,0,,0,0,,0,0,,0,0,0,0,0,0,0,0,0,,0,0,,0,0,,0,0,,0,,0,,0,,0,,0,,0,,0,,0,,0,,0,,0,,0,,0,,0,,0,,0,0,,0,0,,0,0,,0,0,,0,0,,0,0,,0,0,,0,0,,0,0,,0,0,,0,0,0,,0,0,0,,0,0,0,,0,0,0,,0,0,0,,0,0,0,,,,,,,,,,,,,,,,,,,,,,,,,,,,,,,,,,,,,,,,,,,,,,,,,,,,,,,,,,,,,,,,,,,,,,,,,,,,,,,,,,,,,,,,,,,,,,,,,,,,,,,,,,,,,,,,,,,,,,,,,,,,,,,,,,,,,,,,,,,,,,,,,,,,,,,,,,,,,,,,,,,,,,,,,,,,,,,,,,,,,,,,,,,,,,,,,,,,,,,,,,,,
bTZbGQP0,VIETNAM,2024/2025,VIETNAM 2,V League 2,659pm2N7,VIETNAM 2,26/05/2025,09:00,Round 20,Dong Thap,lvKbDDmQ,PVF-CAND,WSRPbuTF,False,0,1,,,,,,[],[],,0,0,0,,0,0,0,,0,0,0,,0,0,,0,0,,0,0,,0,0,,0,0,,0,0,,0,0,,0,0,,0,0,,0,0,,0,0,,0,0,,0,0,,0,0,,0,0,0,,0,0,0,,0,0,0,,0,0,,0,0,,0,0,,0,0,0,0,0,0,0,0,0,,0,0,,0,0,,0,0,,0,,0,,0,,0,,0,,0,,0,,0,,0,,0,,0,,0,,0,,0,,0,,0,0,,0,0,,0,0,,0,0,,0,0,,0,0,,0,0,,0,0,,0,0,,0,0,,0,0,0,,0,0,0,,0,0,0,,0,0,0,,0,0,0,,0,0,0,,,,,,,,,,,,,,,,,,,,,,,,,,,,,,,,,,,,,,,,,,,,,,,,,,,,,,,,,,,,,,,,,,,,,,,,,,,,,,,,,,,,,,,,,,,,,,,,,,,,,,,,,,,,,,,,,,,,,,,,,,,,,,,,,,,,,,,,,,,,,,,,,,,,,,,,,,,,,,,,,,,,,,,,,,,,,,,,,,,,,,,,,,,,,,,,,,,,,,,,,,,,
h84Q1RA7,VIETNAM,2024/2025,VIETNAM 2,V League 2,659pm2N7,VIETNAM 2,18/05/2025,09:00,Round 19,Long An,40Z46ke6,Khanh Hoa,Myp07Vu0,False,1,1,,,,,,[],[],,0,0,0,,0,0,0,,0,0,0,,0,0,,0,0,,0,0,,0,0,,0,0,,0,0,,0,0,,0,0,,0,0,,0,0,,0,0,,0,0,,0,0,,0,0,,0,0,0,,0,0,0,,0,0,0,,0,0,,0,0,,0,0,,0,0,0,0,0,0,0,0,0,,0,0,,0,0,,0,0,,0,,0,,0,,0,,0,,0,,0,,0,,0,,0,,0,,0,,0,,0,,0,,0,0,,0,0,,0,0,,0,0,,0,0,,0,0,,0,0,,0,0,,0,0,,0,0,,0,0,0,,0,0,0,,0,0,0,,0,0,0,,0,0,0,,0,0,0,,,,,,,,,,,,,,,,,,,,,,,,,,,,,,,,,,,,,,,,,,,,,,,,,,,,,,,,,,,,,,,,,,,,,,,,,,,,,,,,,,,,,,,,,,,,,,,,,,,,,,,,,,,,,,,,,,,,,,,,,,,,,,,,,,,,,,,,,,,,,,,,,,,,,,,,,,,,,,,,,,,,,,,,,,,,,,,,,,,,,,,,,,,,,,,,,,,,,,,,,,,,
APnziAdk,VIETNAM,2024/2025,VIETNAM 2,V League 2,659pm2N7,VIETNAM 2,11/05/2025,11:00,Round 18,Ho Chi Minh 2,IiSwji56,Ho Chi Minh City,z5ftUOgs,False,1,0,,,,,,[],[],,0,0,0,,0,0,0,,0,0,0,,0,0,,0,0,,0,0,,0,0,,0,0,,0,0,,0,0,,0,0,,0,0,,0,0,,0,0,,0,0,,0,0,,0,0,,0,0,0,,0,0,0,,0,0,0,,0,0,,0,0,,0,0,,0,0,0,0,0,0,0,0,0,,0,0,,0,0,,0,0,,0,,0,,0,,0,,0,,0,,0,,0,,0,,0,,0,,0,,0,,0,,0,,0,0,,0,0,,0,0,,0,0,,0,0,,0,0,,0,0,,0,0,,0,0,,0,0,,0,0,0,,0,0,0,,0,0,0,,0,0,0,,0,0,0,,0,0,0,,,,,,,,,,,,,,,,,,,,,,,,,,,,,,,,,,,,,,,,,,,,,,,,,,,,,,,,,,,,,,,,,,,,,,,,,,,,,,,,,,,,,,,,,,,,,,,,,,,,,,,,,,,,,,,,,,,,,,,,,,,,,,,,,,,,,,,,,,,,,,,,,,,,,,,,,,,,,,,,,,,,,,,,,,,,,,,,,,,,,,,,,,,,,,,,,,,,,,,,,,,,
CA6gD0Di,VIETNAM,2024/2025,VIETNAM 2,V League 2,659pm2N7,VIETNAM 2,04/05/2025,09:00,Round 17,Dong Nai,fydUYIh4,Truong Tuoi Dong Nai,6g0U8aqi,False,1,1,,,,,,[],[],,0,0,0,,0,0,0,,0,0,0,,0,0,,0,0,,0,0,,0,0,,0,0,,0,0,,0,0,,0,0,,0,0,,0,0,,0,0,,0,0,,0,0,,0,0,,0,0,0,,0,0,0,,0,0,0,,0,0,,0,0,,0,0,,0,0,0,0,0,0,0,0,0,,0,0,,0,0,,0,0,,0,,0,,0,,0,,0,,0,,0,,0,,0,,0,,0,,0,,0,,0,,0,,0,0,,0,0,,0,0,,0,0,,0,0,,0,0,,0,0,,0,0,,0,0,,0,0,,0,0,0,,0,0,0,,0,0,0,,0,0,0,,0,0,0,,0,0,0,,,,,,,,,,,,,,,,,,,,,,,,,,,,,,,,,,,,,,,,,,,,,,,,,,,,,,,,,,,,,,,,,,,,,,,,,,,,,,,,,,,,,,,,,,,,,,,,,,,,,,,,,,,,,,,,,,,,,,,,,,,,,,,,,,,,,,,,,,,,,,,,,,,,,,,,,,,,,,,,,,,,,,,,,,,,,,,,,,,,,,,,,,,,,,,,,,,,,,,,,,,,
2ycUCW1B,VIETNAM,2024/2025,VIETNAM 2,V League 2,659pm2N7,VIETNAM 2,03/05/2025,09:00,Round 17,Ho Chi Minh City,z5ftUOgs,PVF-CAND,WSRPbuTF,False,0,1,,,,,,[],[],,0,0,0,,0,0,0,,0,0,0,,0,0,,0,0,,0,0,,0,0,,0,0,,0,0,,0,0,,0,0,,0,0,,0,0,,0,0,,0,0,,0,0,,0,0,,0,0,0,,0,0,0,,0,0,0,,0,0,,0,0,,0,0,,0,0,0,0,0,0,0,0,0,,0,0,,0,0,,0,0,,0,,0,,0,,0,,0,,0,,0,,0,,0,,0,,0,,0,,0,,0,,0,,0,0,,0,0,,0,0,,0,0,,0,0,,0,0,,0,0,,0,0,,0,0,,0,0,,0,0,0,,0,0,0,,0,0,0,,0,0,0,,0,0,0,,0,0,0,,,,,,,,,,,,,,,,,,,,,,,,,,,,,,,,,,,,,,,,,,,,,,,,,,,,,,,,,,,,,,,,,,,,,,,,,,,,,,,,,,,,,,,,,,,,,,,,,,,,,,,,,,,,,,,,,,,,,,,,,,,,,,,,,,,,,,,,,,,,,,,,,,,,,,,,,,,,,,,,,,,,,,,,,,,,,,,,,,,,,,,,,,,,,,,,,,,,,,,,,,,,
boTUCiJ8,VIETNAM,2024/2025,VIETNAM 2,V League 2,659pm2N7,VIETNAM 2,11/05/2025,11:00,Round 18,Phu Dong Ninh Binh,GtBp2ZoS,PVF-CAND,WSRPbuTF,False,1,0,,,,,,[],[],,0,0,0,,0,0,0,,0,0,0,,0,0,,0,0,,0,0,,0,0,,0,0,,0,0,,0,0,,0,0,,0,0,,0,0,,0,0,,0,0,,0,0,,0,0,,0,0,0,,0,0,0,,0,0,0,,0,0,,0,0,,0,0,,0,0,0,0,0,0,0,0,0,,0,0,,0,0,,0,0,,0,,0,,0,,0,,0,,0,,0,,0,,0,,0,,0,,0,,0,,0,,0,,0,0,,0,0,,0,0,,0,0,,0,0,,0,0,,0,0,,0,0,,0,0,,0,0,,0,0,0,,0,0,0,,0,0,0,,0,0,0,,0,0,0,,0,0,0,,,,,,,,,,,,,,,,,,,,,,,,,,,,,,,,,,,,,,,,,,,,,,,,,,,,,,,,,,,,,,,,,,,,,,,,,,,,,,,,,,,,,,,,,,,,,,,,,,,,,,,,,,,,,,,,,,,,,,,,,,,,,,,,,,,,,,,,,,,,,,,,,,,,,,,,,,,,,,,,,,,,,,,,,,,,,,,,,,,,,,,,,,,,,,,,,,,,,,,,,,,,
ATvNEhXb,VIETNAM,2024/2025,VIETNAM 2,V League 2,659pm2N7,VIETNAM 2,03/05/2025,08:30,Round 17,Hue,OjxcKNsg,Hoa Binh,OE9clfNc,False,0,1,,,,,,[],[],,0,0,0,,0,0,0,,0,0,0,,0,0,,0,0,,0,0,,0,0,,0,0,,0,0,,0,0,,0,0,,0,0,,0,0,,0,0,,0,0,,0,0,,0,0,,0,0,0,,0,0,0,,0,0,0,,0,0,,0,0,,0,0,,0,0,0,0,0,0,0,0,0,,0,0,,0,0,,0,0,,0,,0,,0,,0,,0,,0,,0,,0,,0,,0,,0,,0,,0,,0,,0,,0,0,,0,0,,0,0,,0,0,,0,0,,0,0,,0,0,,0,0,,0,0,,0,0,,0,0,0,,0,0,0,,0,0,0,,0,0,0,,0,0,0,,0,0,0,,,,,,,,,,,,,,,,,,,,,,,,,,,,,,,,,,,,,,,,,,,,,,,,,,,,,,,,,,,,,,,,,,,,,,,,,,,,,,,,,,,,,,,,,,,,,,,,,,,,,,,,,,,,,,,,,,,,,,,,,,,,,,,,,,,,,,,,,,,,,,,,,,,,,,,,,,,,,,,,,,,,,,,,,,,,,,,,,,,,,,,,,,,,,,,,,,,,,,,,,,,,
fZy95lfo,VIETNAM,2024/2025,VIETNAM 2,V League 2,659pm2N7,VIETNAM 2,04/05/2025,09:00,Round 17,Long An,40Z46ke6,Ho Chi Minh 2,IiSwji56,False,0,0,,,,,,[],[],,0,0,0,,0,0,0,,0,0,0,,0,0,,0,0,,0,0,,0,0,,0,0,,0,0,,0,0,,0,0,,0,0,,0,0,,0,0,,0,0,,0,0,,0,0,,0,0,0,,0,0,0,,0,0,0,,0,0,,0,0,,0,0,,0,0,0,0,0,0,0,0,0,,0,0,,0,0,,0,0,,0,,0,,0,,0,,0,,0,,0,,0,,0,,0,,0,,0,,0,,0,,0,,0,0,,0,0,,0,0,,0,0,,0,0,,0,0,,0,0,,0,0,,0,0,,0,0,,0,0,0,,0,0,0,,0,0,0,,0,0,0,,0,0,0,,0,0,0,,,,,,,,,,,,,,,,,,,,,,,,,,,,,,,,,,,,,,,,,,,,,,,,,,,,,,,,,,,,,,,,,,,,,,,,,,,,,,,,,,,,,,,,,,,,,,,,,,,,,,,,,,,,,,,,,,,,,,,,,,,,,,,,,,,,,,,,,,,,,,,,,,,,,,,,,,,,,,,,,,,,,,,,,,,,,,,,,,,,,,,,,,,,,,,,,,,,,,,,,,,,
hpMwBVmL,VIETNAM,2024/2025,VIETNAM 2,V League 2,659pm2N7,VIETNAM 2,17/05/2025,11:00,Round 19,Phu Dong Ninh Binh,GtBp2ZoS,Ho Chi Minh 2,IiSwji56,False,3,0,,,,,,[],[],,0,0,0,,0,0,0,,0,0,0,,0,0,,0,0,,0,0,,0,0,,0,0,,0,0,,0,0,,0,0,,0,0,,0,0,,0,0,,0,0,,0,0,,0,0,,0,0,0,,0,0,0,,0,0,0,,0,0,,0,0,,0,0,,0,0,0,0,0,0,0,0,0,,0,0,,0,0,,0,0,,0,,0,,0,,0,,0,,0,,0,,0,,0,,0,,0,,0,,0,,0,,0,,0,0,,0,0,,0,0,,0,0,,0,0,,0,0,,0,0,,0,0,,0,0,,0,0,,0,0,0,,0,0,0,,0,0,0,,0,0,0,,0,0,0,,0,0,0,,,,,,,,,,,,,,,,,,,,,,,,,,,,,,,,,,,,,,,,,,,,,,,,,,,,,,,,,,,,,,,,,,,,,,,,,,,,,,,,,,,,,,,,,,,,,,,,,,,,,,,,,,,,,,,,,,,,,,,,,,,,,,,,,,,,,,,,,,,,,,,,,,,,,,,,,,,,,,,,,,,,,,,,,,,,,,,,,,,,,,,,,,,,,,,,,,,,,,,,,,,,
bkB4dBHU,VIETNAM,2024/2025,VIETNAM 2,V League 2,659pm2N7,VIETNAM 2,27/04/2025,11:00,Round 16,Hoa Binh,OE9clfNc,Phu Dong Ninh Binh,GtBp2ZoS,False,1,1,,,,,,[],[],,0,0,0,,0,0,0,,0,0,0,,0,0,,0,0,,0,0,,0,0,,0,0,,0,0,,0,0,,0,0,,0,0,,0,0,,0,0,,0,0,,0,0,,0,0,,0,0,0,,0,0,0,,0,0,0,,0,0,,0,0,,0,0,,0,0,0,0,0,0,0,0,0,,0,0,,0,0,,0,0,,0,,0,,0,,0,,0,,0,,0,,0,,0,,0,,0,,0,,0,,0,,0,,0,0,,0,0,,0,0,,0,0,,0,0,,0,0,,0,0,,0,0,,0,0,,0,0,,0,0,0,,0,0,0,,0,0,0,,0,0,0,,0,0,0,,0,0,0,,,,,,,,,,,,,,,,,,,,,,,,,,,,,,,,,,,,,,,,,,,,,,,,,,,,,,,,,,,,,,,,,,,,,,,,,,,,,,,,,,,,,,,,,,,,,,,,,,,,,,,,,,,,,,,,,,,,,,,,,,,,,,,,,,,,,,,,,,,,,,,,,,,,,,,,,,,,,,,,,,,,,,,,,,,,,,,,,,,,,,,,,,,,,,,,,,,,,,,,,,,,
E1oEGE2n,VIETNAM,2024/2025,VIETNAM 2,V League 2,659pm2N7,VIETNAM 2,27/04/2025,11:00,Round 16,Ho Chi Minh 2,IiSwji56,Dong Nai,fydUYIh4,False,0,0,,,,,,[],[],,0,0,0,,0,0,0,,0,0,0,,0,0,,0,0,,0,0,,0,0,,0,0,,0,0,,0,0,,0,0,,0,0,,0,0,,0,0,,0,0,,0,0,,0,0,,0,0,0,,0,0,0,,0,0,0,,0,0,,0,0,,0,0,,0,0,0,0,0,0,0,0,0,,0,0,,0,0,,0,0,,0,,0,,0,,0,,0,,0,,0,,0,,0,,0,,0,,0,,0,,0,,0,,0,0,,0,0,,0,0,,0,0,,0,0,,0,0,,0,0,,0,0,,0,0,,0,0,,0,0,0,,0,0,0,,0,0,0,,0,0,0,,0,0,0,,0,0,0,,,,,,,,,,,,,,,,,,,,,,,,,,,,,,,,,,,,,,,,,,,,,,,,,,,,,,,,,,,,,,,,,,,,,,,,,,,,,,,,,,,,,,,,,,,,,,,,,,,,,,,,,,,,,,,,,,,,,,,,,,,,,,,,,,,,,,,,,,,,,,,,,,,,,,,,,,,,,,,,,,,,,,,,,,,,,,,,,,,,,,,,,,,,,,,,,,,,,,,,,,,,
